-- Auto-generated seed from src/app/data/recipes.ts
begin;
delete from public.recipe_ingredients where recipe_id in ('quinua-desayuno', 'pan-palta-huevo', 'lomo-saltado-casero', 'arroz-con-pollo-rapido', 'sopa-criolla', 'tortilla-verduras', 'airfryer-pollo-crocante', 'airfryer-camote-chips', 'arroz', 'arroz-ajo', 'arroz-lentejas-compuesto', 'huevo-frito', 'papas-fritas', 'huevo-sancochado', 'sopa-verduras');
delete from public.recipe_substeps where recipe_id in ('quinua-desayuno', 'pan-palta-huevo', 'lomo-saltado-casero', 'arroz-con-pollo-rapido', 'sopa-criolla', 'tortilla-verduras', 'airfryer-pollo-crocante', 'airfryer-camote-chips', 'arroz', 'arroz-ajo', 'arroz-lentejas-compuesto', 'huevo-frito', 'papas-fritas', 'huevo-sancochado', 'sopa-verduras');
delete from public.recipes where id in ('quinua-desayuno', 'pan-palta-huevo', 'lomo-saltado-casero', 'arroz-con-pollo-rapido', 'sopa-criolla', 'tortilla-verduras', 'airfryer-pollo-crocante', 'airfryer-camote-chips', 'arroz', 'arroz-ajo', 'arroz-lentejas-compuesto', 'huevo-frito', 'papas-fritas', 'huevo-sancochado', 'sopa-verduras');
delete from public.recipe_categories where id in ('desayunos', 'almuerzos', 'cenas', 'airfryer', 'frituras', 'arroces', 'hervidos', 'sopas', 'personalizadas');
insert into public.recipe_categories (id, name, icon, description, sort_order) values ('desayunos', 'Desayunos', '☀️', 'Opciones rápidas para iniciar el día', 0) on conflict (id) do update set name = excluded.name, icon = excluded.icon, description = excluded.description, sort_order = excluded.sort_order;
insert into public.recipe_categories (id, name, icon, description, sort_order) values ('almuerzos', 'Almuerzos', '🍽️', 'Platos de fondo y comida criolla', 1) on conflict (id) do update set name = excluded.name, icon = excluded.icon, description = excluded.description, sort_order = excluded.sort_order;
insert into public.recipe_categories (id, name, icon, description, sort_order) values ('cenas', 'Cenas', '🌙', 'Opciones ligeras y reconfortantes', 2) on conflict (id) do update set name = excluded.name, icon = excluded.icon, description = excluded.description, sort_order = excluded.sort_order;
insert into public.recipe_categories (id, name, icon, description, sort_order) values ('airfryer', 'Airfryer', '🧺', 'Recetas pensadas para freidora de aire', 3) on conflict (id) do update set name = excluded.name, icon = excluded.icon, description = excluded.description, sort_order = excluded.sort_order;
insert into public.recipe_categories (id, name, icon, description, sort_order) values ('frituras', 'Frituras', '🍳', 'Huevo, papas y sartén fuerte', 4) on conflict (id) do update set name = excluded.name, icon = excluded.icon, description = excluded.description, sort_order = excluded.sort_order;
insert into public.recipe_categories (id, name, icon, description, sort_order) values ('arroces', 'Arroces', '🍚', 'Arroces sueltos y aromáticos', 5) on conflict (id) do update set name = excluded.name, icon = excluded.icon, description = excluded.description, sort_order = excluded.sort_order;
insert into public.recipe_categories (id, name, icon, description, sort_order) values ('hervidos', 'Hervidos', '🍲', 'Sancochados y cocción en agua', 6) on conflict (id) do update set name = excluded.name, icon = excluded.icon, description = excluded.description, sort_order = excluded.sort_order;
insert into public.recipe_categories (id, name, icon, description, sort_order) values ('sopas', 'Sopas', '🥣', 'Caldos y sopas ligeras', 7) on conflict (id) do update set name = excluded.name, icon = excluded.icon, description = excluded.description, sort_order = excluded.sort_order;
insert into public.recipe_categories (id, name, icon, description, sort_order) values ('personalizadas', 'Personalizadas', '✨', 'Recetas creadas con IA', 8) on conflict (id) do update set name = excluded.name, icon = excluded.icon, description = excluded.description, sort_order = excluded.sort_order;
insert into public.recipes (id, category_id, name, icon, emoji, ingredient, description, equipment, tip, portion_label_singular, portion_label_plural, source, is_published) values ('quinua-desayuno', 'desayunos', 'Quinua del desayuno', '🥣', '🥣', 'Porciones', '5 subpasos · 20-25 min', null, 'Lava muy bien la quinua antes de cocinar para evitar sabor amargo.', 'porción', 'porciones', 'imported', true) on conflict (id) do update set category_id = excluded.category_id, name = excluded.name, icon = excluded.icon, emoji = excluded.emoji, ingredient = excluded.ingredient, description = excluded.description, equipment = excluded.equipment, tip = excluded.tip, portion_label_singular = excluded.portion_label_singular, portion_label_plural = excluded.portion_label_plural, source = excluded.source, is_published = excluded.is_published, updated_at = now();
insert into public.recipe_ingredients (recipe_id, sort_order, name, emoji, indispensable, p1, p2, p4) values ('quinua-desayuno', 0, 'Quinua lavada', '🌾', true, '1/3 taza', '2/3 taza', '1 1/3 taza');
insert into public.recipe_ingredients (recipe_id, sort_order, name, emoji, indispensable, p1, p2, p4) values ('quinua-desayuno', 1, 'Agua', '💧', true, '1 taza', '2 tazas', '4 tazas');
insert into public.recipe_ingredients (recipe_id, sort_order, name, emoji, indispensable, p1, p2, p4) values ('quinua-desayuno', 2, 'Leche', '🥛', false, '1/2 taza', '1 taza', '2 tazas');
insert into public.recipe_ingredients (recipe_id, sort_order, name, emoji, indispensable, p1, p2, p4) values ('quinua-desayuno', 3, 'Canela', '🟤', false, 'Pizca', 'Pizca', '1/4 cdta');
insert into public.recipe_ingredients (recipe_id, sort_order, name, emoji, indispensable, p1, p2, p4) values ('quinua-desayuno', 4, 'Miel o azúcar', '🍯', false, '1 cdta', '2 cdtas', '1 cda');
insert into public.recipe_substeps (recipe_id, substep_order, step_number, step_name, substep_name, notes, is_timer, p1, p2, p4, fire_level, equipment) values ('quinua-desayuno', 1, 1, 'Lavado', 'Enjuagar quinua', 'Lava hasta retirar espuma/saponina.', false, 'Continuar', 'Continuar', 'Continuar', 'low', null);
insert into public.recipe_substeps (recipe_id, substep_order, step_number, step_name, substep_name, notes, is_timer, p1, p2, p4, fire_level, equipment) values ('quinua-desayuno', 2, 2, 'Hervor', 'Hervir agua', 'Usa olla mediana.', true, '180', '240', '360', 'high', null);
insert into public.recipe_substeps (recipe_id, substep_order, step_number, step_name, substep_name, notes, is_timer, p1, p2, p4, fire_level, equipment) values ('quinua-desayuno', 3, 3, 'Cocción quinua', 'Agregar quinua', 'Remueve una vez y baja a fuego medio.', false, 'Continuar', 'Continuar', 'Continuar', 'medium', null);
insert into public.recipe_substeps (recipe_id, substep_order, step_number, step_name, substep_name, notes, is_timer, p1, p2, p4, fire_level, equipment) values ('quinua-desayuno', 4, 3, 'Cocción quinua', 'Cocinar', 'Hasta que reviente el grano y esté suave.', true, '720', '840', '1020', 'medium', null);
insert into public.recipe_substeps (recipe_id, substep_order, step_number, step_name, substep_name, notes, is_timer, p1, p2, p4, fire_level, equipment) values ('quinua-desayuno', 5, 4, 'Saborizar', 'Agregar leche, canela y miel', 'Opcional para versión cremosa.', false, 'Continuar', 'Continuar', 'Continuar', 'low', null);
insert into public.recipe_substeps (recipe_id, substep_order, step_number, step_name, substep_name, notes, is_timer, p1, p2, p4, fire_level, equipment) values ('quinua-desayuno', 6, 4, 'Saborizar', 'Integrar sabores', 'Remueve constantemente.', true, '120', '150', '180', 'low', null);
insert into public.recipe_substeps (recipe_id, substep_order, step_number, step_name, substep_name, notes, is_timer, p1, p2, p4, fire_level, equipment) values ('quinua-desayuno', 7, 5, 'Servir', 'Reposar y servir', 'Sirve caliente.', false, 'Continuar', 'Continuar', 'Continuar', 'low', null);
insert into public.recipes (id, category_id, name, icon, emoji, ingredient, description, equipment, tip, portion_label_singular, portion_label_plural, source, is_published) values ('pan-palta-huevo', 'desayunos', 'Pan con palta y huevo', '🥑', '🥑', 'Porciones', '4 subpasos · 10-15 min', null, 'Para mejor textura, tuesta ligeramente el pan justo antes de montar.', 'porción', 'porciones', 'imported', true) on conflict (id) do update set category_id = excluded.category_id, name = excluded.name, icon = excluded.icon, emoji = excluded.emoji, ingredient = excluded.ingredient, description = excluded.description, equipment = excluded.equipment, tip = excluded.tip, portion_label_singular = excluded.portion_label_singular, portion_label_plural = excluded.portion_label_plural, source = excluded.source, is_published = excluded.is_published, updated_at = now();
insert into public.recipe_ingredients (recipe_id, sort_order, name, emoji, indispensable, p1, p2, p4) values ('pan-palta-huevo', 0, 'Pan francés', '🥖', true, '1 unidad', '2 unidades', '4 unidades');
insert into public.recipe_ingredients (recipe_id, sort_order, name, emoji, indispensable, p1, p2, p4) values ('pan-palta-huevo', 1, 'Palta', '🥑', true, '1/2 unidad', '1 unidad', '2 unidades');
insert into public.recipe_ingredients (recipe_id, sort_order, name, emoji, indispensable, p1, p2, p4) values ('pan-palta-huevo', 2, 'Huevo', '🥚', true, '1 unidad', '2 unidades', '4 unidades');
insert into public.recipe_ingredients (recipe_id, sort_order, name, emoji, indispensable, p1, p2, p4) values ('pan-palta-huevo', 3, 'Sal y limón', '🧂', false, 'Al gusto', 'Al gusto', 'Al gusto');
insert into public.recipe_substeps (recipe_id, substep_order, step_number, step_name, substep_name, notes, is_timer, p1, p2, p4, fire_level, equipment) values ('pan-palta-huevo', 1, 1, 'Preparar palta', 'Majar palta', 'Agrega sal y unas gotas de limón.', false, 'Continuar', 'Continuar', 'Continuar', 'low', null);
insert into public.recipe_substeps (recipe_id, substep_order, step_number, step_name, substep_name, notes, is_timer, p1, p2, p4, fire_level, equipment) values ('pan-palta-huevo', 2, 2, 'Precalentado', 'Precalentar sartén', 'Fuego medio.', true, '30', '40', '50', 'medium', null);
insert into public.recipe_substeps (recipe_id, substep_order, step_number, step_name, substep_name, notes, is_timer, p1, p2, p4, fire_level, equipment) values ('pan-palta-huevo', 3, 3, 'Huevo', 'Cocinar huevo', 'Frito o revuelto, al punto deseado.', true, '120', '160', '220', 'medium', null);
insert into public.recipe_substeps (recipe_id, substep_order, step_number, step_name, substep_name, notes, is_timer, p1, p2, p4, fire_level, equipment) values ('pan-palta-huevo', 4, 4, 'Montaje', 'Armar pan con palta y huevo', 'Servir de inmediato.', false, 'Continuar', 'Continuar', 'Continuar', 'low', null);
insert into public.recipes (id, category_id, name, icon, emoji, ingredient, description, equipment, tip, portion_label_singular, portion_label_plural, source, is_published) values ('lomo-saltado-casero', 'almuerzos', 'Lomo saltado casero', '🥩', '🥩', 'Porciones', '6 subpasos · 30-40 min', null, 'El secreto está en fuego alto y salteado rápido para no aguachentar el tomate.', 'porción', 'porciones', 'imported', true) on conflict (id) do update set category_id = excluded.category_id, name = excluded.name, icon = excluded.icon, emoji = excluded.emoji, ingredient = excluded.ingredient, description = excluded.description, equipment = excluded.equipment, tip = excluded.tip, portion_label_singular = excluded.portion_label_singular, portion_label_plural = excluded.portion_label_plural, source = excluded.source, is_published = excluded.is_published, updated_at = now();
insert into public.recipe_ingredients (recipe_id, sort_order, name, emoji, indispensable, p1, p2, p4) values ('lomo-saltado-casero', 0, 'Carne de res en tiras', '🥩', true, '180 g', '350 g', '700 g');
insert into public.recipe_ingredients (recipe_id, sort_order, name, emoji, indispensable, p1, p2, p4) values ('lomo-saltado-casero', 1, 'Cebolla roja', '🧅', true, '1/2 unidad', '1 unidad', '2 unidades');
insert into public.recipe_ingredients (recipe_id, sort_order, name, emoji, indispensable, p1, p2, p4) values ('lomo-saltado-casero', 2, 'Tomate', '🍅', true, '1 unidad', '2 unidades', '4 unidades');
insert into public.recipe_ingredients (recipe_id, sort_order, name, emoji, indispensable, p1, p2, p4) values ('lomo-saltado-casero', 3, 'Sillao y vinagre', '🥢', true, '1 cda', '2 cdas', '4 cdas');
insert into public.recipe_ingredients (recipe_id, sort_order, name, emoji, indispensable, p1, p2, p4) values ('lomo-saltado-casero', 4, 'Papas fritas', '🍟', false, '1 porción', '2 porciones', '4 porciones');
insert into public.recipe_substeps (recipe_id, substep_order, step_number, step_name, substep_name, notes, is_timer, p1, p2, p4, fire_level, equipment) values ('lomo-saltado-casero', 1, 1, 'Mise en place', 'Cortar cebolla y tomate', 'En pluma gruesa y gajos.', false, 'Continuar', 'Continuar', 'Continuar', 'low', null);
insert into public.recipe_substeps (recipe_id, substep_order, step_number, step_name, substep_name, notes, is_timer, p1, p2, p4, fire_level, equipment) values ('lomo-saltado-casero', 2, 1, 'Mise en place', 'Sazonar carne', 'Sal y pimienta al gusto.', false, 'Continuar', 'Continuar', 'Continuar', 'low', null);
insert into public.recipe_substeps (recipe_id, substep_order, step_number, step_name, substep_name, notes, is_timer, p1, p2, p4, fire_level, equipment) values ('lomo-saltado-casero', 3, 2, 'Precalentado', 'Precalentar sartén o wok', 'Debe estar bien caliente.', true, '60', '75', '90', 'high', null);
insert into public.recipe_substeps (recipe_id, substep_order, step_number, step_name, substep_name, notes, is_timer, p1, p2, p4, fire_level, equipment) values ('lomo-saltado-casero', 4, 3, 'Sellar carne', 'Dorar carne en tandas', 'No llenar demasiado la sartén.', true, '150', '210', '300', 'high', null);
insert into public.recipe_substeps (recipe_id, substep_order, step_number, step_name, substep_name, notes, is_timer, p1, p2, p4, fire_level, equipment) values ('lomo-saltado-casero', 5, 4, 'Salteado', 'Agregar cebolla y tomate', 'Saltear rápido para mantener textura.', true, '90', '120', '180', 'high', null);
insert into public.recipe_substeps (recipe_id, substep_order, step_number, step_name, substep_name, notes, is_timer, p1, p2, p4, fire_level, equipment) values ('lomo-saltado-casero', 6, 4, 'Salteado', 'Agregar sillao y vinagre', 'Flambear opcionalmente.', true, '45', '60', '90', 'high', null);
insert into public.recipe_substeps (recipe_id, substep_order, step_number, step_name, substep_name, notes, is_timer, p1, p2, p4, fire_level, equipment) values ('lomo-saltado-casero', 7, 5, 'Integración', 'Volver a incorporar carne', 'Mezcla por pocos segundos.', true, '30', '45', '60', 'medium', null);
insert into public.recipe_substeps (recipe_id, substep_order, step_number, step_name, substep_name, notes, is_timer, p1, p2, p4, fire_level, equipment) values ('lomo-saltado-casero', 8, 6, 'Servir', 'Servir con arroz y/o papas', 'Idealmente bien caliente.', false, 'Continuar', 'Continuar', 'Continuar', 'low', null);
insert into public.recipes (id, category_id, name, icon, emoji, ingredient, description, equipment, tip, portion_label_singular, portion_label_plural, source, is_published) values ('arroz-con-pollo-rapido', 'almuerzos', 'Arroz con pollo rápido', '🍗', '🍗', 'Porciones', '6 subpasos · 40-50 min', null, 'Usa culantro fresco para color y aroma más intenso.', 'porción', 'porciones', 'imported', true) on conflict (id) do update set category_id = excluded.category_id, name = excluded.name, icon = excluded.icon, emoji = excluded.emoji, ingredient = excluded.ingredient, description = excluded.description, equipment = excluded.equipment, tip = excluded.tip, portion_label_singular = excluded.portion_label_singular, portion_label_plural = excluded.portion_label_plural, source = excluded.source, is_published = excluded.is_published, updated_at = now();
insert into public.recipe_ingredients (recipe_id, sort_order, name, emoji, indispensable, p1, p2, p4) values ('arroz-con-pollo-rapido', 0, 'Pollo en presas', '🍗', true, '1 presa', '2 presas', '4 presas');
insert into public.recipe_ingredients (recipe_id, sort_order, name, emoji, indispensable, p1, p2, p4) values ('arroz-con-pollo-rapido', 1, 'Arroz', '🍚', true, '1/2 taza', '1 taza', '2 tazas');
insert into public.recipe_ingredients (recipe_id, sort_order, name, emoji, indispensable, p1, p2, p4) values ('arroz-con-pollo-rapido', 2, 'Culantro licuado', '🌿', true, '2 cdas', '4 cdas', '8 cdas');
insert into public.recipe_ingredients (recipe_id, sort_order, name, emoji, indispensable, p1, p2, p4) values ('arroz-con-pollo-rapido', 3, 'Arveja y zanahoria', '🥕', false, '1/4 taza', '1/2 taza', '1 taza');
insert into public.recipe_ingredients (recipe_id, sort_order, name, emoji, indispensable, p1, p2, p4) values ('arroz-con-pollo-rapido', 4, 'Agua o caldo', '🍲', true, '1 1/2 taza', '3 tazas', '5 1/2 tazas');
insert into public.recipe_substeps (recipe_id, substep_order, step_number, step_name, substep_name, notes, is_timer, p1, p2, p4, fire_level, equipment) values ('arroz-con-pollo-rapido', 1, 1, 'Precalentado', 'Precalentar olla', 'Fuego medio alto.', true, '45', '60', '75', 'high', null);
insert into public.recipe_substeps (recipe_id, substep_order, step_number, step_name, substep_name, notes, is_timer, p1, p2, p4, fire_level, equipment) values ('arroz-con-pollo-rapido', 2, 2, 'Dorar pollo', 'Sellar presas de pollo', 'Dorar por ambos lados.', true, '240', '300', '420', 'high', null);
insert into public.recipe_substeps (recipe_id, substep_order, step_number, step_name, substep_name, notes, is_timer, p1, p2, p4, fire_level, equipment) values ('arroz-con-pollo-rapido', 3, 3, 'Aderezo', 'Agregar culantro y sofreír', 'Integra con ajo/cebolla si tienes.', true, '90', '120', '180', 'medium', null);
insert into public.recipe_substeps (recipe_id, substep_order, step_number, step_name, substep_name, notes, is_timer, p1, p2, p4, fire_level, equipment) values ('arroz-con-pollo-rapido', 4, 4, 'Cocción arroz', 'Agregar arroz y agua/caldo', 'Ajusta sal.', false, 'Continuar', 'Continuar', 'Continuar', 'high', null);
insert into public.recipe_substeps (recipe_id, substep_order, step_number, step_name, substep_name, notes, is_timer, p1, p2, p4, fire_level, equipment) values ('arroz-con-pollo-rapido', 5, 4, 'Cocción arroz', 'Cocinar abierto', 'Hasta que baje el líquido visible.', true, '420', '540', '720', 'high', null);
insert into public.recipe_substeps (recipe_id, substep_order, step_number, step_name, substep_name, notes, is_timer, p1, p2, p4, fire_level, equipment) values ('arroz-con-pollo-rapido', 6, 5, 'Graneado', 'Bajar fuego y tapar', 'Añade arveja/zanahoria.', false, 'Continuar', 'Continuar', 'Continuar', 'low', null);
insert into public.recipe_substeps (recipe_id, substep_order, step_number, step_name, substep_name, notes, is_timer, p1, p2, p4, fire_level, equipment) values ('arroz-con-pollo-rapido', 7, 5, 'Graneado', 'Terminar al vapor', 'No destapar durante este tramo.', true, '600', '720', '900', 'low', null);
insert into public.recipe_substeps (recipe_id, substep_order, step_number, step_name, substep_name, notes, is_timer, p1, p2, p4, fire_level, equipment) values ('arroz-con-pollo-rapido', 8, 6, 'Final', 'Reposar y servir', 'Esponjar con tenedor.', true, '180', '240', '300', 'low', null);
insert into public.recipes (id, category_id, name, icon, emoji, ingredient, description, equipment, tip, portion_label_singular, portion_label_plural, source, is_published) values ('sopa-criolla', 'cenas', 'Sopa criolla', '🍲', '🍲', 'Porciones', '6 subpasos · 25-35 min', null, 'No dejes hervir fuerte luego de agregar leche para mantener textura cremosa.', 'porción', 'porciones', 'imported', true) on conflict (id) do update set category_id = excluded.category_id, name = excluded.name, icon = excluded.icon, emoji = excluded.emoji, ingredient = excluded.ingredient, description = excluded.description, equipment = excluded.equipment, tip = excluded.tip, portion_label_singular = excluded.portion_label_singular, portion_label_plural = excluded.portion_label_plural, source = excluded.source, is_published = excluded.is_published, updated_at = now();
insert into public.recipe_ingredients (recipe_id, sort_order, name, emoji, indispensable, p1, p2, p4) values ('sopa-criolla', 0, 'Fideos cabello de ángel', '🍜', true, '40 g', '80 g', '160 g');
insert into public.recipe_ingredients (recipe_id, sort_order, name, emoji, indispensable, p1, p2, p4) values ('sopa-criolla', 1, 'Leche evaporada', '🥛', true, '1/4 taza', '1/2 taza', '1 taza');
insert into public.recipe_ingredients (recipe_id, sort_order, name, emoji, indispensable, p1, p2, p4) values ('sopa-criolla', 2, 'Carne molida', '🥩', false, '80 g', '160 g', '320 g');
insert into public.recipe_ingredients (recipe_id, sort_order, name, emoji, indispensable, p1, p2, p4) values ('sopa-criolla', 3, 'Pan tostado y orégano', '🍞', false, 'Al gusto', 'Al gusto', 'Al gusto');
insert into public.recipe_ingredients (recipe_id, sort_order, name, emoji, indispensable, p1, p2, p4) values ('sopa-criolla', 4, 'Caldo o agua', '🍲', true, '2 tazas', '4 tazas', '8 tazas');
insert into public.recipe_substeps (recipe_id, substep_order, step_number, step_name, substep_name, notes, is_timer, p1, p2, p4, fire_level, equipment) values ('sopa-criolla', 1, 1, 'Precalentado', 'Precalentar olla', 'Fuego medio.', true, '40', '50', '60', 'medium', null);
insert into public.recipe_substeps (recipe_id, substep_order, step_number, step_name, substep_name, notes, is_timer, p1, p2, p4, fire_level, equipment) values ('sopa-criolla', 2, 2, 'Aderezo', 'Sofreír base', 'Cebolla, ajo y opcionalmente carne.', true, '180', '240', '320', 'medium', null);
insert into public.recipe_substeps (recipe_id, substep_order, step_number, step_name, substep_name, notes, is_timer, p1, p2, p4, fire_level, equipment) values ('sopa-criolla', 3, 3, 'Hervor', 'Agregar caldo o agua', 'Llevar a hervor.', true, '240', '300', '420', 'high', null);
insert into public.recipe_substeps (recipe_id, substep_order, step_number, step_name, substep_name, notes, is_timer, p1, p2, p4, fire_level, equipment) values ('sopa-criolla', 4, 4, 'Cocción fideo', 'Agregar fideos', 'Mueve para que no se peguen.', true, '180', '240', '300', 'medium', null);
insert into public.recipe_substeps (recipe_id, substep_order, step_number, step_name, substep_name, notes, is_timer, p1, p2, p4, fire_level, equipment) values ('sopa-criolla', 5, 5, 'Terminar', 'Agregar leche evaporada', 'No hervir fuerte después.', true, '60', '90', '120', 'low', null);
insert into public.recipe_substeps (recipe_id, substep_order, step_number, step_name, substep_name, notes, is_timer, p1, p2, p4, fire_level, equipment) values ('sopa-criolla', 6, 5, 'Terminar', 'Ajustar sal y orégano', 'Rectifica sazón.', false, 'Continuar', 'Continuar', 'Continuar', 'low', null);
insert into public.recipe_substeps (recipe_id, substep_order, step_number, step_name, substep_name, notes, is_timer, p1, p2, p4, fire_level, equipment) values ('sopa-criolla', 7, 6, 'Servir', 'Servir con pan tostado', 'Opcional huevo escalfado.', false, 'Continuar', 'Continuar', 'Continuar', 'low', null);
insert into public.recipes (id, category_id, name, icon, emoji, ingredient, description, equipment, tip, portion_label_singular, portion_label_plural, source, is_published) values ('tortilla-verduras', 'cenas', 'Tortilla de verduras', '🍳', '🍳', 'Porciones', '5 subpasos · 20-25 min', null, 'Cocina a fuego bajo para que cuaje parejo y no se queme la base.', 'porción', 'porciones', 'imported', true) on conflict (id) do update set category_id = excluded.category_id, name = excluded.name, icon = excluded.icon, emoji = excluded.emoji, ingredient = excluded.ingredient, description = excluded.description, equipment = excluded.equipment, tip = excluded.tip, portion_label_singular = excluded.portion_label_singular, portion_label_plural = excluded.portion_label_plural, source = excluded.source, is_published = excluded.is_published, updated_at = now();
insert into public.recipe_ingredients (recipe_id, sort_order, name, emoji, indispensable, p1, p2, p4) values ('tortilla-verduras', 0, 'Huevos', '🥚', true, '2 unidades', '4 unidades', '8 unidades');
insert into public.recipe_ingredients (recipe_id, sort_order, name, emoji, indispensable, p1, p2, p4) values ('tortilla-verduras', 1, 'Verduras picadas', '🥬', true, '1/2 taza', '1 taza', '2 tazas');
insert into public.recipe_ingredients (recipe_id, sort_order, name, emoji, indispensable, p1, p2, p4) values ('tortilla-verduras', 2, 'Aceite', '🫒', true, '1 cdta', '2 cdtas', '1 cda');
insert into public.recipe_ingredients (recipe_id, sort_order, name, emoji, indispensable, p1, p2, p4) values ('tortilla-verduras', 3, 'Sal y pimienta', '🧂', false, 'Al gusto', 'Al gusto', 'Al gusto');
insert into public.recipe_substeps (recipe_id, substep_order, step_number, step_name, substep_name, notes, is_timer, p1, p2, p4, fire_level, equipment) values ('tortilla-verduras', 1, 1, 'Mise en place', 'Batir huevos', 'Agregar sal y pimienta.', false, 'Continuar', 'Continuar', 'Continuar', 'low', null);
insert into public.recipe_substeps (recipe_id, substep_order, step_number, step_name, substep_name, notes, is_timer, p1, p2, p4, fire_level, equipment) values ('tortilla-verduras', 2, 1, 'Mise en place', 'Picar verduras', 'Corte pequeño y uniforme.', false, 'Continuar', 'Continuar', 'Continuar', 'low', null);
insert into public.recipe_substeps (recipe_id, substep_order, step_number, step_name, substep_name, notes, is_timer, p1, p2, p4, fire_level, equipment) values ('tortilla-verduras', 3, 2, 'Precalentado', 'Precalentar sartén', 'Fuego medio.', true, '35', '45', '60', 'medium', null);
insert into public.recipe_substeps (recipe_id, substep_order, step_number, step_name, substep_name, notes, is_timer, p1, p2, p4, fire_level, equipment) values ('tortilla-verduras', 4, 3, 'Salteado', 'Saltear verduras', 'Ablandar ligeramente.', true, '120', '150', '210', 'medium', null);
insert into public.recipe_substeps (recipe_id, substep_order, step_number, step_name, substep_name, notes, is_timer, p1, p2, p4, fire_level, equipment) values ('tortilla-verduras', 5, 4, 'Cuajado', 'Agregar huevo batido', 'Mueve bordes suavemente.', true, '180', '240', '320', 'low', null);
insert into public.recipe_substeps (recipe_id, substep_order, step_number, step_name, substep_name, notes, is_timer, p1, p2, p4, fire_level, equipment) values ('tortilla-verduras', 6, 4, 'Cuajado', 'Voltear tortilla', 'Usa tapa/plato para girar con cuidado.', false, 'Continuar', 'Continuar', 'Continuar', 'low', null);
insert into public.recipe_substeps (recipe_id, substep_order, step_number, step_name, substep_name, notes, is_timer, p1, p2, p4, fire_level, equipment) values ('tortilla-verduras', 7, 4, 'Cuajado', 'Terminar lado B', 'Cocina hasta firme pero jugosa.', true, '120', '150', '210', 'low', null);
insert into public.recipe_substeps (recipe_id, substep_order, step_number, step_name, substep_name, notes, is_timer, p1, p2, p4, fire_level, equipment) values ('tortilla-verduras', 8, 5, 'Servir', 'Reposar y servir', 'Ideal con ensalada fresca.', false, 'Continuar', 'Continuar', 'Continuar', 'low', null);
insert into public.recipes (id, category_id, name, icon, emoji, ingredient, description, equipment, tip, portion_label_singular, portion_label_plural, source, is_published) values ('airfryer-pollo-crocante', 'airfryer', 'Pollo crocante Airfryer', '🍗', '🍗', 'Piezas', '5 subpasos · 25-35 min', null, 'Seca bien el pollo y evita encimar piezas para un dorado uniforme.', 'pieza', 'piezas', 'imported', true) on conflict (id) do update set category_id = excluded.category_id, name = excluded.name, icon = excluded.icon, emoji = excluded.emoji, ingredient = excluded.ingredient, description = excluded.description, equipment = excluded.equipment, tip = excluded.tip, portion_label_singular = excluded.portion_label_singular, portion_label_plural = excluded.portion_label_plural, source = excluded.source, is_published = excluded.is_published, updated_at = now();
insert into public.recipe_ingredients (recipe_id, sort_order, name, emoji, indispensable, p1, p2, p4) values ('airfryer-pollo-crocante', 0, 'Pollo en piezas', '🍗', true, '2 piezas', '4 piezas', '8 piezas');
insert into public.recipe_ingredients (recipe_id, sort_order, name, emoji, indispensable, p1, p2, p4) values ('airfryer-pollo-crocante', 1, 'Aceite en spray', '🫒', true, 'Ligero', 'Ligero', 'Ligero');
insert into public.recipe_ingredients (recipe_id, sort_order, name, emoji, indispensable, p1, p2, p4) values ('airfryer-pollo-crocante', 2, 'Ajo y paprika', '🧄', false, '1 cdta', '2 cdtas', '1 cda');
insert into public.recipe_ingredients (recipe_id, sort_order, name, emoji, indispensable, p1, p2, p4) values ('airfryer-pollo-crocante', 3, 'Sal y pimienta', '🧂', false, 'Al gusto', 'Al gusto', 'Al gusto');
insert into public.recipe_substeps (recipe_id, substep_order, step_number, step_name, substep_name, notes, is_timer, p1, p2, p4, fire_level, equipment) values ('airfryer-pollo-crocante', 1, 1, 'Preparación', 'Sazonar pollo', 'Seca bien antes de sazonar.', false, 'Continuar', 'Continuar', 'Continuar', 'low', 'stove');
insert into public.recipe_substeps (recipe_id, substep_order, step_number, step_name, substep_name, notes, is_timer, p1, p2, p4, fire_level, equipment) values ('airfryer-pollo-crocante', 2, 2, 'Precalentar Airfryer', 'Precalentar a 200°C', 'Canasta vacía.', true, '240', '240', '300', null, 'airfryer');
insert into public.recipe_substeps (recipe_id, substep_order, step_number, step_name, substep_name, notes, is_timer, p1, p2, p4, fire_level, equipment) values ('airfryer-pollo-crocante', 3, 3, 'Primera cocción', 'Cocinar lado A', 'No sobrecargar canasta.', true, '540', '600', '720', null, 'airfryer');
insert into public.recipe_substeps (recipe_id, substep_order, step_number, step_name, substep_name, notes, is_timer, p1, p2, p4, fire_level, equipment) values ('airfryer-pollo-crocante', 4, 4, 'Volteo y final', 'Recordatorio: voltear pollo', 'Rocía un poco más de spray si hace falta.', false, 'Continuar', 'Continuar', 'Continuar', null, 'airfryer');
insert into public.recipe_substeps (recipe_id, substep_order, step_number, step_name, substep_name, notes, is_timer, p1, p2, p4, fire_level, equipment) values ('airfryer-pollo-crocante', 5, 4, 'Volteo y final', 'Cocinar lado B', 'Hasta dorado y jugoso.', true, '480', '540', '660', null, 'airfryer');
insert into public.recipe_substeps (recipe_id, substep_order, step_number, step_name, substep_name, notes, is_timer, p1, p2, p4, fire_level, equipment) values ('airfryer-pollo-crocante', 6, 5, 'Reposo', 'Reposar antes de servir', '5 minutos fuera de la canasta.', true, '300', '300', '300', 'low', 'stove');
insert into public.recipes (id, category_id, name, icon, emoji, ingredient, description, equipment, tip, portion_label_singular, portion_label_plural, source, is_published) values ('airfryer-camote-chips', 'airfryer', 'Chips de camote Airfryer', '🍠', '🍠', 'Camotes', '5 subpasos · 20-30 min', null, 'Corta muy parejo y cocina por tandas para mejor crocancia.', 'camote', 'camotes', 'imported', true) on conflict (id) do update set category_id = excluded.category_id, name = excluded.name, icon = excluded.icon, emoji = excluded.emoji, ingredient = excluded.ingredient, description = excluded.description, equipment = excluded.equipment, tip = excluded.tip, portion_label_singular = excluded.portion_label_singular, portion_label_plural = excluded.portion_label_plural, source = excluded.source, is_published = excluded.is_published, updated_at = now();
insert into public.recipe_ingredients (recipe_id, sort_order, name, emoji, indispensable, p1, p2, p4) values ('airfryer-camote-chips', 0, 'Camote', '🍠', true, '1 unidad', '2 unidades', '4 unidades');
insert into public.recipe_ingredients (recipe_id, sort_order, name, emoji, indispensable, p1, p2, p4) values ('airfryer-camote-chips', 1, 'Aceite en spray', '🫒', true, 'Ligero', 'Ligero', 'Ligero');
insert into public.recipe_ingredients (recipe_id, sort_order, name, emoji, indispensable, p1, p2, p4) values ('airfryer-camote-chips', 2, 'Sal', '🧂', false, 'Al gusto', 'Al gusto', 'Al gusto');
insert into public.recipe_substeps (recipe_id, substep_order, step_number, step_name, substep_name, notes, is_timer, p1, p2, p4, fire_level, equipment) values ('airfryer-camote-chips', 1, 1, 'Preparación', 'Cortar camote en láminas finas', 'Mientras más parejo, mejor cocción.', false, 'Continuar', 'Continuar', 'Continuar', 'low', null);
insert into public.recipe_substeps (recipe_id, substep_order, step_number, step_name, substep_name, notes, is_timer, p1, p2, p4, fire_level, equipment) values ('airfryer-camote-chips', 2, 1, 'Preparación', 'Secar y rociar aceite', 'No empapar, solo película ligera.', false, 'Continuar', 'Continuar', 'Continuar', 'low', null);
insert into public.recipe_substeps (recipe_id, substep_order, step_number, step_name, substep_name, notes, is_timer, p1, p2, p4, fire_level, equipment) values ('airfryer-camote-chips', 3, 2, 'Precalentar Airfryer', 'Precalentar a 190°C', 'Canasta vacía.', true, '180', '180', '240', 'high', null);
insert into public.recipe_substeps (recipe_id, substep_order, step_number, step_name, substep_name, notes, is_timer, p1, p2, p4, fire_level, equipment) values ('airfryer-camote-chips', 4, 3, 'Primera tanda', 'Cocinar chips tramo 1', 'Distribuye en una sola capa.', true, '300', '360', '420', 'high', null);
insert into public.recipe_substeps (recipe_id, substep_order, step_number, step_name, substep_name, notes, is_timer, p1, p2, p4, fire_level, equipment) values ('airfryer-camote-chips', 5, 3, 'Primera tanda', 'Recordatorio: mover chips', 'Sacude canasta para dorado parejo.', false, 'Continuar', 'Continuar', 'Continuar', 'high', null);
insert into public.recipe_substeps (recipe_id, substep_order, step_number, step_name, substep_name, notes, is_timer, p1, p2, p4, fire_level, equipment) values ('airfryer-camote-chips', 6, 3, 'Primera tanda', 'Cocinar chips tramo 2', 'Vigila para evitar quemar puntas.', true, '240', '300', '360', 'high', null);
insert into public.recipe_substeps (recipe_id, substep_order, step_number, step_name, substep_name, notes, is_timer, p1, p2, p4, fire_level, equipment) values ('airfryer-camote-chips', 7, 4, 'Segunda tanda (si aplica)', 'Repetir con el resto', 'Misma lógica por tandas.', false, 'Continuar', 'Continuar', 'Continuar', 'high', null);
insert into public.recipe_substeps (recipe_id, substep_order, step_number, step_name, substep_name, notes, is_timer, p1, p2, p4, fire_level, equipment) values ('airfryer-camote-chips', 8, 5, 'Final', 'Agregar sal y servir', 'Servir apenas salgan para máxima crocancia.', false, 'Continuar', 'Continuar', 'Continuar', 'low', null);
insert into public.recipes (id, category_id, name, icon, emoji, ingredient, description, equipment, tip, portion_label_singular, portion_label_plural, source, is_published) values ('arroz', 'arroces', 'Arroz Perfecto', '🍚', '🍚', 'Tazas de arroz', '6 subpasos · 45-60 min', null, 'Prepara todos los ingredientes antes de empezar. La clave del arroz perfecto está en los tiempos de cocción, así que ten todo listo.', 'taza', 'tazas', 'imported', true) on conflict (id) do update set category_id = excluded.category_id, name = excluded.name, icon = excluded.icon, emoji = excluded.emoji, ingredient = excluded.ingredient, description = excluded.description, equipment = excluded.equipment, tip = excluded.tip, portion_label_singular = excluded.portion_label_singular, portion_label_plural = excluded.portion_label_plural, source = excluded.source, is_published = excluded.is_published, updated_at = now();
insert into public.recipe_ingredients (recipe_id, sort_order, name, emoji, indispensable, p1, p2, p4) values ('arroz', 0, 'Arroz', '🍚', true, '1 taza', '2 tazas', '4 tazas');
insert into public.recipe_ingredients (recipe_id, sort_order, name, emoji, indispensable, p1, p2, p4) values ('arroz', 1, 'Agua', '💧', true, '1 ½ tazas', '3 tazas', '5 ½ tazas');
insert into public.recipe_ingredients (recipe_id, sort_order, name, emoji, indispensable, p1, p2, p4) values ('arroz', 2, 'Aceite', '🫒', true, '1-2 cdtas', '1 cda', '2 cdas');
insert into public.recipe_ingredients (recipe_id, sort_order, name, emoji, indispensable, p1, p2, p4) values ('arroz', 3, 'Ajo picado', '🧄', false, '1-2 cdtas', '1 cda', '2 cdas');
insert into public.recipe_ingredients (recipe_id, sort_order, name, emoji, indispensable, p1, p2, p4) values ('arroz', 4, 'Sal', '🧂', false, 'Al gusto', 'Al gusto', 'Al gusto');
insert into public.recipe_substeps (recipe_id, substep_order, step_number, step_name, substep_name, notes, is_timer, p1, p2, p4, fire_level, equipment) values ('arroz', 1, 1, 'Precalentado', 'Colocar olla a fuego medio alto', 'Usa una olla con buen fondo para calor uniforme.', false, 'Continuar', 'Continuar', 'Continuar', 'high', null);
insert into public.recipe_substeps (recipe_id, substep_order, step_number, step_name, substep_name, notes, is_timer, p1, p2, p4, fire_level, equipment) values ('arroz', 2, 1, 'Precalentado', 'Precalentando...', 'La olla debe estar bien seca antes del aceite.', true, '60', '90', '120', 'high', null);
insert into public.recipe_substeps (recipe_id, substep_order, step_number, step_name, substep_name, notes, is_timer, p1, p2, p4, fire_level, equipment) values ('arroz', 3, 2, 'Calentar aceite', 'Agregar aceite', 'Cantidad:', false, '1-2 cdtas', '1 cda', '2 cdas', 'high', null);
insert into public.recipe_substeps (recipe_id, substep_order, step_number, step_name, substep_name, notes, is_timer, p1, p2, p4, fire_level, equipment) values ('arroz', 4, 2, 'Calentar aceite', 'Calentando aceite...', 'El aceite debe estar fluido, no humeando.', true, '40', '50', '60', 'high', null);
insert into public.recipe_substeps (recipe_id, substep_order, step_number, step_name, substep_name, notes, is_timer, p1, p2, p4, fire_level, equipment) values ('arroz', 5, 3, 'Sofreír ajo', 'Agregar ajo', 'Cantidad:', false, '1-2 cdtas', '1 cda', '2 cdas', 'high', null);
insert into public.recipe_substeps (recipe_id, substep_order, step_number, step_name, substep_name, notes, is_timer, p1, p2, p4, fire_level, equipment) values ('arroz', 6, 3, 'Sofreír ajo', 'Friendo...', 'Mueve el ajo para que no se amargue.', true, '60', '60', '80', 'high', null);
insert into public.recipe_substeps (recipe_id, substep_order, step_number, step_name, substep_name, notes, is_timer, p1, p2, p4, fire_level, equipment) values ('arroz', 7, 4, 'Cocción', 'Agregar el arroz', 'Cantidad:', false, '1 Taza', '2 Tazas', '4 Tazas', 'high', null);
insert into public.recipe_substeps (recipe_id, substep_order, step_number, step_name, substep_name, notes, is_timer, p1, p2, p4, fire_level, equipment) values ('arroz', 8, 4, 'Cocción', 'Echa el arroz y revuelve', 'Mezcla hasta que el grano brille (Nacarado).', true, '60', '90', '120', 'high', null);
insert into public.recipe_substeps (recipe_id, substep_order, step_number, step_name, substep_name, notes, is_timer, p1, p2, p4, fire_level, equipment) values ('arroz', 9, 4, 'Cocción', 'Agregar agua', 'Cantidad (Agua):', false, '1 ½ Tazas', '3 Tazas', '5 ½ Tazas', 'high', null);
insert into public.recipe_substeps (recipe_id, substep_order, step_number, step_name, substep_name, notes, is_timer, p1, p2, p4, fire_level, equipment) values ('arroz', 10, 4, 'Cocción', 'Agregar sal y remover', 'Prueba el agua; debe estar algo salada.', false, 'Continuar', 'Continuar', 'Continuar', 'high', null);
insert into public.recipe_substeps (recipe_id, substep_order, step_number, step_name, substep_name, notes, is_timer, p1, p2, p4, fire_level, equipment) values ('arroz', 11, 4, 'Cocción', 'Cocinando (seca agua)', 'Sin tapa. Hasta ver "huequitos" arriba.', true, '380', '540', '840', 'high', null);
insert into public.recipe_substeps (recipe_id, substep_order, step_number, step_name, substep_name, notes, is_timer, p1, p2, p4, fire_level, equipment) values ('arroz', 12, 5, 'Graneado', 'Baja el fuego', 'Fuego al mínimo absoluto (fuego corona).', false, 'Continuar', 'Continuar', 'Continuar', 'low', null);
insert into public.recipe_substeps (recipe_id, substep_order, step_number, step_name, substep_name, notes, is_timer, p1, p2, p4, fire_level, equipment) values ('arroz', 13, 5, 'Graneado', 'Mueve el arroz', 'Usa tenedor para airear de abajo hacia arriba.', false, 'Continuar', 'Continuar', 'Continuar', 'low', null);
insert into public.recipe_substeps (recipe_id, substep_order, step_number, step_name, substep_name, notes, is_timer, p1, p2, p4, fire_level, equipment) values ('arroz', 14, 5, 'Graneado', 'Pon la tapa', 'El vapor termina la cocción del centro.', true, '960', '1080', '1200', 'low', null);
insert into public.recipe_substeps (recipe_id, substep_order, step_number, step_name, substep_name, notes, is_timer, p1, p2, p4, fire_level, equipment) values ('arroz', 15, 6, 'Asentando', 'Apagar el fuego', 'Vital para que el arroz no esté pegajoso.', false, 'Continuar', 'Continuar', 'Continuar', 'low', null);
insert into public.recipe_substeps (recipe_id, substep_order, step_number, step_name, substep_name, notes, is_timer, p1, p2, p4, fire_level, equipment) values ('arroz', 16, 6, 'Asentando', 'Terminando', 'No destapes. Deja que el calor estabilice.', true, '300', '420', '600', 'low', null);
insert into public.recipes (id, category_id, name, icon, emoji, ingredient, description, equipment, tip, portion_label_singular, portion_label_plural, source, is_published) values ('arroz-ajo', 'arroces', 'Arroz al ajo', '🧄', '🧄', 'Tazas de arroz', '5 subpasos · 30-40 min', null, 'El ajo debe dorar, no quemarse. Mantén fuego medio al sofreír.', 'taza', 'tazas', 'imported', true) on conflict (id) do update set category_id = excluded.category_id, name = excluded.name, icon = excluded.icon, emoji = excluded.emoji, ingredient = excluded.ingredient, description = excluded.description, equipment = excluded.equipment, tip = excluded.tip, portion_label_singular = excluded.portion_label_singular, portion_label_plural = excluded.portion_label_plural, source = excluded.source, is_published = excluded.is_published, updated_at = now();
insert into public.recipe_ingredients (recipe_id, sort_order, name, emoji, indispensable, p1, p2, p4) values ('arroz-ajo', 0, 'Arroz', '🍚', true, '1 taza', '2 tazas', '4 tazas');
insert into public.recipe_ingredients (recipe_id, sort_order, name, emoji, indispensable, p1, p2, p4) values ('arroz-ajo', 1, 'Ajo picado', '🧄', true, '1 cdta', '2 cdtas', '1 cda');
insert into public.recipe_ingredients (recipe_id, sort_order, name, emoji, indispensable, p1, p2, p4) values ('arroz-ajo', 2, 'Agua', '💧', true, '1 ½ tazas', '3 tazas', '5 ½ tazas');
insert into public.recipe_ingredients (recipe_id, sort_order, name, emoji, indispensable, p1, p2, p4) values ('arroz-ajo', 3, 'Aceite', '🫒', true, '1 cdta', '2 cdtas', '1 cda');
insert into public.recipe_ingredients (recipe_id, sort_order, name, emoji, indispensable, p1, p2, p4) values ('arroz-ajo', 4, 'Sal', '🧂', false, 'Al gusto', 'Al gusto', 'Al gusto');
insert into public.recipe_substeps (recipe_id, substep_order, step_number, step_name, substep_name, notes, is_timer, p1, p2, p4, fire_level, equipment) values ('arroz-ajo', 1, 1, 'Precalentado', 'Precalentar olla', 'Fuego medio alto.', false, 'Continuar', 'Continuar', 'Continuar', 'high', null);
insert into public.recipe_substeps (recipe_id, substep_order, step_number, step_name, substep_name, notes, is_timer, p1, p2, p4, fire_level, equipment) values ('arroz-ajo', 2, 1, 'Precalentado', 'Precalentando...', 'Olla seca y caliente.', true, '50', '70', '90', 'high', null);
insert into public.recipe_substeps (recipe_id, substep_order, step_number, step_name, substep_name, notes, is_timer, p1, p2, p4, fire_level, equipment) values ('arroz-ajo', 3, 2, 'Calentar aceite', 'Agregar aceite', 'Cantidad indicada.', false, '1 cdta', '2 cdtas', '1 cda', 'high', null);
insert into public.recipe_substeps (recipe_id, substep_order, step_number, step_name, substep_name, notes, is_timer, p1, p2, p4, fire_level, equipment) values ('arroz-ajo', 4, 2, 'Calentar aceite', 'Calentando aceite...', 'Sin humear.', true, '35', '45', '55', 'high', null);
insert into public.recipe_substeps (recipe_id, substep_order, step_number, step_name, substep_name, notes, is_timer, p1, p2, p4, fire_level, equipment) values ('arroz-ajo', 5, 3, 'Dorar ajo', 'Agregar ajo', 'Remueve constantemente.', false, 'Continuar', 'Continuar', 'Continuar', 'medium', null);
insert into public.recipe_substeps (recipe_id, substep_order, step_number, step_name, substep_name, notes, is_timer, p1, p2, p4, fire_level, equipment) values ('arroz-ajo', 6, 3, 'Dorar ajo', 'Dorar ajo', 'Aroma intenso, sin quemar.', true, '45', '55', '70', 'medium', null);
insert into public.recipe_substeps (recipe_id, substep_order, step_number, step_name, substep_name, notes, is_timer, p1, p2, p4, fire_level, equipment) values ('arroz-ajo', 7, 4, 'Cocción', 'Agregar arroz y nacarar', 'Mover para sellar el grano.', true, '70', '90', '120', 'high', null);
insert into public.recipe_substeps (recipe_id, substep_order, step_number, step_name, substep_name, notes, is_timer, p1, p2, p4, fire_level, equipment) values ('arroz-ajo', 8, 4, 'Cocción', 'Agregar agua y sal', 'Ajusta al gusto.', false, 'Continuar', 'Continuar', 'Continuar', 'high', null);
insert into public.recipe_substeps (recipe_id, substep_order, step_number, step_name, substep_name, notes, is_timer, p1, p2, p4, fire_level, equipment) values ('arroz-ajo', 9, 4, 'Cocción', 'Secar agua', 'Sin tapa.', true, '360', '520', '780', 'high', null);
insert into public.recipe_substeps (recipe_id, substep_order, step_number, step_name, substep_name, notes, is_timer, p1, p2, p4, fire_level, equipment) values ('arroz-ajo', 10, 5, 'Reposo', 'Tapar y reposar', 'Fuego mínimo.', true, '420', '540', '720', 'low', null);
insert into public.recipe_substeps (recipe_id, substep_order, step_number, step_name, substep_name, notes, is_timer, p1, p2, p4, fire_level, equipment) values ('arroz-ajo', 11, 5, 'Reposo', 'Apagar y servir', 'Esponjar con tenedor.', false, 'Continuar', 'Continuar', 'Continuar', 'low', null);
insert into public.recipes (id, category_id, name, icon, emoji, ingredient, description, equipment, tip, portion_label_singular, portion_label_plural, source, is_published) values ('arroz-lentejas-compuesto', 'arroces', 'Arroz con lentejas', '🍛', '🍛', 'Porciones', 'Fases guiadas · 45-55 min', null, 'Empieza por lentejas y avanza el arroz en paralelo; al unir, controla siempre el nivel de líquido.', 'porción', 'porciones', 'imported', true) on conflict (id) do update set category_id = excluded.category_id, name = excluded.name, icon = excluded.icon, emoji = excluded.emoji, ingredient = excluded.ingredient, description = excluded.description, equipment = excluded.equipment, tip = excluded.tip, portion_label_singular = excluded.portion_label_singular, portion_label_plural = excluded.portion_label_plural, source = excluded.source, is_published = excluded.is_published, updated_at = now();
insert into public.recipe_ingredients (recipe_id, sort_order, name, emoji, indispensable, p1, p2, p4) values ('arroz-lentejas-compuesto', 0, 'Lentejas', '🫘', true, '1/2 taza', '1 taza', '2 tazas');
insert into public.recipe_ingredients (recipe_id, sort_order, name, emoji, indispensable, p1, p2, p4) values ('arroz-lentejas-compuesto', 1, 'Arroz', '🍚', true, '1/2 taza', '1 taza', '2 tazas');
insert into public.recipe_ingredients (recipe_id, sort_order, name, emoji, indispensable, p1, p2, p4) values ('arroz-lentejas-compuesto', 2, 'Agua', '💧', true, '3 tazas', '6 tazas', '10 tazas');
insert into public.recipe_ingredients (recipe_id, sort_order, name, emoji, indispensable, p1, p2, p4) values ('arroz-lentejas-compuesto', 3, 'Ajo picado', '🧄', false, '1 cdta', '2 cdtas', '1 cda');
insert into public.recipe_ingredients (recipe_id, sort_order, name, emoji, indispensable, p1, p2, p4) values ('arroz-lentejas-compuesto', 4, 'Cebolla', '🧅', false, '1/4 unidad', '1/2 unidad', '1 unidad');
insert into public.recipe_ingredients (recipe_id, sort_order, name, emoji, indispensable, p1, p2, p4) values ('arroz-lentejas-compuesto', 5, 'Aceite', '🫒', true, '1 cdta', '2 cdtas', '1 cda');
insert into public.recipe_ingredients (recipe_id, sort_order, name, emoji, indispensable, p1, p2, p4) values ('arroz-lentejas-compuesto', 6, 'Sal', '🧂', false, 'Al gusto', 'Al gusto', 'Al gusto');
insert into public.recipe_substeps (recipe_id, substep_order, step_number, step_name, substep_name, notes, is_timer, p1, p2, p4, fire_level, equipment) values ('arroz-lentejas-compuesto', 1, 1, 'Mise en place', 'Lavar lentejas y arroz por separado', 'Enjuaga hasta que el agua salga clara.', false, 'Continuar', 'Continuar', 'Continuar', 'low', null);
insert into public.recipe_substeps (recipe_id, substep_order, step_number, step_name, substep_name, notes, is_timer, p1, p2, p4, fire_level, equipment) values ('arroz-lentejas-compuesto', 2, 1, 'Mise en place', 'Picar cebolla y ajo', 'Déjalos listos para el sofrito.', false, 'Continuar', 'Continuar', 'Continuar', 'low', null);
insert into public.recipe_substeps (recipe_id, substep_order, step_number, step_name, substep_name, notes, is_timer, p1, p2, p4, fire_level, equipment) values ('arroz-lentejas-compuesto', 3, 2, 'Lentejas - hervor inicial', 'Hervir agua para lentejas', 'Usa olla mediana con parte del agua total.', true, '240', '300', '420', 'high', null);
insert into public.recipe_substeps (recipe_id, substep_order, step_number, step_name, substep_name, notes, is_timer, p1, p2, p4, fire_level, equipment) values ('arroz-lentejas-compuesto', 4, 2, 'Lentejas - hervor inicial', 'Agregar lentejas', 'Cocina hasta que estén casi tiernas.', true, '900', '1080', '1320', 'high', null);
insert into public.recipe_substeps (recipe_id, substep_order, step_number, step_name, substep_name, notes, is_timer, p1, p2, p4, fire_level, equipment) values ('arroz-lentejas-compuesto', 5, 2, 'Lentejas - hervor inicial', 'Recordatorio: revisar agua', 'Si baja mucho, agrega un poco de agua caliente.', false, 'Continuar', 'Continuar', 'Continuar', 'high', null);
insert into public.recipe_substeps (recipe_id, substep_order, step_number, step_name, substep_name, notes, is_timer, p1, p2, p4, fire_level, equipment) values ('arroz-lentejas-compuesto', 6, 3, 'Arroz - base', 'Precalentar olla del arroz', 'Fuego medio, olla seca.', true, '45', '60', '75', 'medium', null);
insert into public.recipe_substeps (recipe_id, substep_order, step_number, step_name, substep_name, notes, is_timer, p1, p2, p4, fire_level, equipment) values ('arroz-lentejas-compuesto', 7, 3, 'Arroz - base', 'Calentar aceite y sofreír ajo/cebolla', 'Sofríe sin quemar el ajo.', true, '120', '150', '180', 'medium', null);
insert into public.recipe_substeps (recipe_id, substep_order, step_number, step_name, substep_name, notes, is_timer, p1, p2, p4, fire_level, equipment) values ('arroz-lentejas-compuesto', 8, 3, 'Arroz - base', 'Nacarar el arroz', 'Agrega arroz y revuelve para sellar.', true, '60', '90', '120', 'medium', null);
insert into public.recipe_substeps (recipe_id, substep_order, step_number, step_name, substep_name, notes, is_timer, p1, p2, p4, fire_level, equipment) values ('arroz-lentejas-compuesto', 9, 4, 'Integración', 'Unir lentejas casi cocidas con arroz', 'Añade también parte de su caldo.', false, 'Continuar', 'Continuar', 'Continuar', 'high', null);
insert into public.recipe_substeps (recipe_id, substep_order, step_number, step_name, substep_name, notes, is_timer, p1, p2, p4, fire_level, equipment) values ('arroz-lentejas-compuesto', 10, 4, 'Integración', 'Ajustar sal y nivel de líquido', 'Debe quedar ligeramente por encima del grano.', false, 'Continuar', 'Continuar', 'Continuar', 'high', null);
insert into public.recipe_substeps (recipe_id, substep_order, step_number, step_name, substep_name, notes, is_timer, p1, p2, p4, fire_level, equipment) values ('arroz-lentejas-compuesto', 11, 4, 'Integración', 'Cocción abierta', 'Hasta que baje el líquido en superficie.', true, '420', '540', '720', 'high', null);
insert into public.recipe_substeps (recipe_id, substep_order, step_number, step_name, substep_name, notes, is_timer, p1, p2, p4, fire_level, equipment) values ('arroz-lentejas-compuesto', 12, 5, 'Graneado', 'Bajar fuego al mínimo', 'Tapa la olla para terminar al vapor.', false, 'Continuar', 'Continuar', 'Continuar', 'low', null);
insert into public.recipe_substeps (recipe_id, substep_order, step_number, step_name, substep_name, notes, is_timer, p1, p2, p4, fire_level, equipment) values ('arroz-lentejas-compuesto', 13, 5, 'Graneado', 'Terminar cocción tapada', 'No destapar durante este tramo.', true, '720', '900', '1080', 'low', null);
insert into public.recipe_substeps (recipe_id, substep_order, step_number, step_name, substep_name, notes, is_timer, p1, p2, p4, fire_level, equipment) values ('arroz-lentejas-compuesto', 14, 6, 'Final', 'Reposar y esponjar', 'Apaga fuego, reposa y mezcla con tenedor.', true, '240', '300', '420', 'low', null);
insert into public.recipe_substeps (recipe_id, substep_order, step_number, step_name, substep_name, notes, is_timer, p1, p2, p4, fire_level, equipment) values ('arroz-lentejas-compuesto', 15, 6, 'Final', 'Servir', 'Prueba sal final antes de llevar a mesa.', false, 'Continuar', 'Continuar', 'Continuar', 'low', null);
insert into public.recipes (id, category_id, name, icon, emoji, ingredient, description, equipment, tip, portion_label_singular, portion_label_plural, source, is_published) values ('huevo-frito', 'frituras', 'Huevo frito', '🍳', '🍳', 'Huevos', '5 subpasos · automático', null, 'Ten todo listo antes de empezar. El secreto está en el aceite bien caliente y no tocar el huevo mientras se cocina la primera cara.', 'huevo', 'huevos', 'imported', true) on conflict (id) do update set category_id = excluded.category_id, name = excluded.name, icon = excluded.icon, emoji = excluded.emoji, ingredient = excluded.ingredient, description = excluded.description, equipment = excluded.equipment, tip = excluded.tip, portion_label_singular = excluded.portion_label_singular, portion_label_plural = excluded.portion_label_plural, source = excluded.source, is_published = excluded.is_published, updated_at = now();
insert into public.recipe_ingredients (recipe_id, sort_order, name, emoji, indispensable, p1, p2, p4) values ('huevo-frito', 0, 'Huevos', '🥚', true, '1 huevo', '2 huevos', '4 huevos');
insert into public.recipe_ingredients (recipe_id, sort_order, name, emoji, indispensable, p1, p2, p4) values ('huevo-frito', 1, 'Aceite', '🫒', true, '2 cdas', '3 cdas', '4 cdas');
insert into public.recipe_ingredients (recipe_id, sort_order, name, emoji, indispensable, p1, p2, p4) values ('huevo-frito', 2, 'Sal', '🧂', false, 'Al gusto', 'Al gusto', 'Al gusto');
insert into public.recipe_substeps (recipe_id, substep_order, step_number, step_name, substep_name, notes, is_timer, p1, p2, p4, fire_level, equipment) values ('huevo-frito', 1, 1, 'Precalentado', 'Precalentar sartén', 'Usa sartén antiadherente a fuego medio.', false, 'Continuar', 'Continuar', 'Continuar', 'medium', null);
insert into public.recipe_substeps (recipe_id, substep_order, step_number, step_name, substep_name, notes, is_timer, p1, p2, p4, fire_level, equipment) values ('huevo-frito', 2, 1, 'Precalentado', 'Precalentando...', 'La sartén debe quedar bien caliente.', true, '45', '55', '65', 'medium', null);
insert into public.recipe_substeps (recipe_id, substep_order, step_number, step_name, substep_name, notes, is_timer, p1, p2, p4, fire_level, equipment) values ('huevo-frito', 3, 2, 'Calentar aceite', 'Agregar aceite', 'Cantidad:', false, '2 cdas', '3 cdas', '4 cdas', 'medium', null);
insert into public.recipe_substeps (recipe_id, substep_order, step_number, step_name, substep_name, notes, is_timer, p1, p2, p4, fire_level, equipment) values ('huevo-frito', 4, 2, 'Calentar aceite', 'Calentando aceite...', 'Debe estar caliente sin humear.', true, '25', '35', '45', 'medium', null);
insert into public.recipe_substeps (recipe_id, substep_order, step_number, step_name, substep_name, notes, is_timer, p1, p2, p4, fire_level, equipment) values ('huevo-frito', 5, 3, 'Freír huevo 1', 'Incorporar el primer huevo', 'Rompe el huevo con cuidado.', false, 'Continuar', 'Continuar', 'Continuar', 'medium', null);
insert into public.recipe_substeps (recipe_id, substep_order, step_number, step_name, substep_name, notes, is_timer, p1, p2, p4, fire_level, equipment) values ('huevo-frito', 6, 3, 'Freír huevo 1', 'Dorar el primer lado', 'Cocina por el primer lado. El recordatorio indicará cuándo girar.', true, '10', '10', '10', 'medium', null);
insert into public.recipe_substeps (recipe_id, substep_order, step_number, step_name, substep_name, notes, is_timer, p1, p2, p4, fire_level, equipment) values ('huevo-frito', 7, 3, 'Freír huevo 1', 'Voltear y dorar el reverso', 'Después del giro, termina la cocción del lado B.', true, '10', '10', '10', 'medium', null);
insert into public.recipe_substeps (recipe_id, substep_order, step_number, step_name, substep_name, notes, is_timer, p1, p2, p4, fire_level, equipment) values ('huevo-frito', 8, 3, 'Freír huevo 1', 'Retirar huevo 1', 'Lleva al plato y mantenlo tibio.', false, 'Continuar', 'Continuar', 'Continuar', 'medium', null);
insert into public.recipe_substeps (recipe_id, substep_order, step_number, step_name, substep_name, notes, is_timer, p1, p2, p4, fire_level, equipment) values ('huevo-frito', 9, 4, 'Freír huevo 2', 'Dorar el primer lado', 'Cocina por el primer lado. El recordatorio indicará cuándo girar.', true, '10', '10', '10', 'medium', null);
insert into public.recipe_substeps (recipe_id, substep_order, step_number, step_name, substep_name, notes, is_timer, p1, p2, p4, fire_level, equipment) values ('huevo-frito', 10, 4, 'Freír huevo 2', 'Voltear y dorar el reverso', 'Después del giro, termina la cocción del lado B.', true, '10', '10', '10', 'medium', null);
insert into public.recipe_substeps (recipe_id, substep_order, step_number, step_name, substep_name, notes, is_timer, p1, p2, p4, fire_level, equipment) values ('huevo-frito', 11, 4, 'Freír huevo 2', 'Retirar huevo 2', 'Lleva al plato para servir.', false, 'Continuar', 'Continuar', 'Continuar', 'medium', null);
insert into public.recipe_substeps (recipe_id, substep_order, step_number, step_name, substep_name, notes, is_timer, p1, p2, p4, fire_level, equipment) values ('huevo-frito', 12, 5, 'Finalizar', 'Servir huevos', 'Apaga el fuego, agrega sal y sirve.', false, 'Continuar', 'Continuar', 'Continuar', 'medium', null);
insert into public.recipes (id, category_id, name, icon, emoji, ingredient, description, equipment, tip, portion_label_singular, portion_label_plural, source, is_published) values ('papas-fritas', 'frituras', 'Papas fritas', '🍟', '🍟', 'Papas', 'Movimiento guiado · 7-9 min', null, 'No sobrecargues la sartén para mantener la temperatura del aceite.', 'papa', 'papas', 'imported', true) on conflict (id) do update set category_id = excluded.category_id, name = excluded.name, icon = excluded.icon, emoji = excluded.emoji, ingredient = excluded.ingredient, description = excluded.description, equipment = excluded.equipment, tip = excluded.tip, portion_label_singular = excluded.portion_label_singular, portion_label_plural = excluded.portion_label_plural, source = excluded.source, is_published = excluded.is_published, updated_at = now();
insert into public.recipe_ingredients (recipe_id, sort_order, name, emoji, indispensable, p1, p2, p4) values ('papas-fritas', 0, 'Papas', '🥔', true, '1 papa grande', '2 papas', '4 papas');
insert into public.recipe_ingredients (recipe_id, sort_order, name, emoji, indispensable, p1, p2, p4) values ('papas-fritas', 1, 'Aceite', '🫒', true, '2 cdas', '4 cdas', '8 cdas');
insert into public.recipe_ingredients (recipe_id, sort_order, name, emoji, indispensable, p1, p2, p4) values ('papas-fritas', 2, 'Sal', '🧂', false, 'Al gusto', 'Al gusto', 'Al gusto');
insert into public.recipe_substeps (recipe_id, substep_order, step_number, step_name, substep_name, notes, is_timer, p1, p2, p4, fire_level, equipment) values ('papas-fritas', 1, 1, 'Preparación', 'Cortar las papas en bastones', 'Haz cortes parejos para que se cocinen uniforme.', false, 'Continuar', 'Continuar', 'Continuar', 'medium', null);
insert into public.recipe_substeps (recipe_id, substep_order, step_number, step_name, substep_name, notes, is_timer, p1, p2, p4, fire_level, equipment) values ('papas-fritas', 2, 1, 'Preparación', 'Secar y salar ligeramente', 'Retira humedad para que queden crocantes.', false, 'Continuar', 'Continuar', 'Continuar', 'medium', null);
insert into public.recipe_substeps (recipe_id, substep_order, step_number, step_name, substep_name, notes, is_timer, p1, p2, p4, fire_level, equipment) values ('papas-fritas', 3, 2, 'Precalentar aceite', 'Calentar aceite', 'Aceite caliente sin humear.', true, '40', '50', '60', 'high', null);
insert into public.recipe_substeps (recipe_id, substep_order, step_number, step_name, substep_name, notes, is_timer, p1, p2, p4, fire_level, equipment) values ('papas-fritas', 4, 3, 'Cocción', 'Incorporar papas', 'Muévelas apenas entren para que no se peguen entre sí ni al fondo.', false, 'Continuar', 'Continuar', 'Continuar', 'high', null);
insert into public.recipe_substeps (recipe_id, substep_order, step_number, step_name, substep_name, notes, is_timer, p1, p2, p4, fire_level, equipment) values ('papas-fritas', 5, 3, 'Cocción', 'Dorar primer tramo', 'Comienza la fritura hasta un dorado ligero.', true, '75', '90', '120', 'high', null);
insert into public.recipe_substeps (recipe_id, substep_order, step_number, step_name, substep_name, notes, is_timer, p1, p2, p4, fire_level, equipment) values ('papas-fritas', 6, 3, 'Cocción', 'Dorar segundo tramo', 'Tras moverlas, continúa hasta color más parejo.', true, '75', '90', '120', 'high', null);
insert into public.recipe_substeps (recipe_id, substep_order, step_number, step_name, substep_name, notes, is_timer, p1, p2, p4, fire_level, equipment) values ('papas-fritas', 7, 3, 'Cocción', 'Crocancia final', 'Último tramo corto para lograr textura crujiente.', true, '40', '50', '60', 'high', null);
insert into public.recipe_substeps (recipe_id, substep_order, step_number, step_name, substep_name, notes, is_timer, p1, p2, p4, fire_level, equipment) values ('papas-fritas', 8, 3, 'Cocción', 'Tanda completada', 'Retira, escurre y prepárate para la siguiente tanda.', false, 'Continuar', 'Continuar', 'Continuar', 'high', null);
insert into public.recipes (id, category_id, name, icon, emoji, ingredient, description, equipment, tip, portion_label_singular, portion_label_plural, source, is_published) values ('huevo-sancochado', 'hervidos', 'Huevo sancochado', '🥚', '🥚', 'Huevos', '4 subpasos · 12-15 min', null, 'Controla el tiempo exacto para obtener la textura de yema que prefieras.', 'huevo', 'huevos', 'imported', true) on conflict (id) do update set category_id = excluded.category_id, name = excluded.name, icon = excluded.icon, emoji = excluded.emoji, ingredient = excluded.ingredient, description = excluded.description, equipment = excluded.equipment, tip = excluded.tip, portion_label_singular = excluded.portion_label_singular, portion_label_plural = excluded.portion_label_plural, source = excluded.source, is_published = excluded.is_published, updated_at = now();
insert into public.recipe_ingredients (recipe_id, sort_order, name, emoji, indispensable, p1, p2, p4) values ('huevo-sancochado', 0, 'Huevos', '🥚', true, '1 huevo', '2 huevos', '4 huevos');
insert into public.recipe_ingredients (recipe_id, sort_order, name, emoji, indispensable, p1, p2, p4) values ('huevo-sancochado', 1, 'Agua', '💧', true, '500 ml', '700 ml', '1 L');
insert into public.recipe_ingredients (recipe_id, sort_order, name, emoji, indispensable, p1, p2, p4) values ('huevo-sancochado', 2, 'Sal', '🧂', false, 'Pizca', 'Pizca', 'Pizca');
insert into public.recipe_substeps (recipe_id, substep_order, step_number, step_name, substep_name, notes, is_timer, p1, p2, p4, fire_level, equipment) values ('huevo-sancochado', 1, 1, 'Hervir agua', 'Agregar agua a la olla', 'Cubre por completo los huevos.', false, 'Continuar', 'Continuar', 'Continuar', 'high', null);
insert into public.recipe_substeps (recipe_id, substep_order, step_number, step_name, substep_name, notes, is_timer, p1, p2, p4, fire_level, equipment) values ('huevo-sancochado', 2, 1, 'Hervir agua', 'Llevar a ebullición', 'Agua burbujeando.', true, '240', '300', '360', 'high', null);
insert into public.recipe_substeps (recipe_id, substep_order, step_number, step_name, substep_name, notes, is_timer, p1, p2, p4, fire_level, equipment) values ('huevo-sancochado', 3, 2, 'Cocción', 'Añadir huevos con cuidado', 'Usa cuchara para no romper.', false, 'Continuar', 'Continuar', 'Continuar', 'medium', null);
insert into public.recipe_substeps (recipe_id, substep_order, step_number, step_name, substep_name, notes, is_timer, p1, p2, p4, fire_level, equipment) values ('huevo-sancochado', 4, 2, 'Cocción', 'Cocinar huevos', 'Para yema semidura.', true, '540', '540', '540', 'medium', null);
insert into public.recipe_substeps (recipe_id, substep_order, step_number, step_name, substep_name, notes, is_timer, p1, p2, p4, fire_level, equipment) values ('huevo-sancochado', 5, 3, 'Enfriado', 'Pasar a agua fría', 'Detén cocción.', false, 'Continuar', 'Continuar', 'Continuar', 'low', null);
insert into public.recipe_substeps (recipe_id, substep_order, step_number, step_name, substep_name, notes, is_timer, p1, p2, p4, fire_level, equipment) values ('huevo-sancochado', 6, 3, 'Enfriado', 'Reposar en agua fría', 'Facilita pelado.', true, '120', '120', '120', 'low', null);
insert into public.recipe_substeps (recipe_id, substep_order, step_number, step_name, substep_name, notes, is_timer, p1, p2, p4, fire_level, equipment) values ('huevo-sancochado', 7, 4, 'Final', 'Pelar y servir', 'Sazonar al gusto.', false, 'Continuar', 'Continuar', 'Continuar', 'low', null);
insert into public.recipes (id, category_id, name, icon, emoji, ingredient, description, equipment, tip, portion_label_singular, portion_label_plural, source, is_published) values ('sopa-verduras', 'sopas', 'Sopa de verduras', '🥣', '🥣', 'Porciones', '6 subpasos · 30-40 min', null, 'Corta las verduras de tamaño similar para una cocción pareja.', 'porción', 'porciones', 'imported', true) on conflict (id) do update set category_id = excluded.category_id, name = excluded.name, icon = excluded.icon, emoji = excluded.emoji, ingredient = excluded.ingredient, description = excluded.description, equipment = excluded.equipment, tip = excluded.tip, portion_label_singular = excluded.portion_label_singular, portion_label_plural = excluded.portion_label_plural, source = excluded.source, is_published = excluded.is_published, updated_at = now();
insert into public.recipe_ingredients (recipe_id, sort_order, name, emoji, indispensable, p1, p2, p4) values ('sopa-verduras', 0, 'Verduras mixtas', '🥕', true, '1 taza', '2 tazas', '4 tazas');
insert into public.recipe_ingredients (recipe_id, sort_order, name, emoji, indispensable, p1, p2, p4) values ('sopa-verduras', 1, 'Agua o caldo', '🍲', true, '2 tazas', '4 tazas', '8 tazas');
insert into public.recipe_ingredients (recipe_id, sort_order, name, emoji, indispensable, p1, p2, p4) values ('sopa-verduras', 2, 'Aceite', '🫒', true, '1 cdta', '2 cdtas', '1 cda');
insert into public.recipe_ingredients (recipe_id, sort_order, name, emoji, indispensable, p1, p2, p4) values ('sopa-verduras', 3, 'Sal', '🧂', false, 'Al gusto', 'Al gusto', 'Al gusto');
insert into public.recipe_substeps (recipe_id, substep_order, step_number, step_name, substep_name, notes, is_timer, p1, p2, p4, fire_level, equipment) values ('sopa-verduras', 1, 1, 'Precalentado', 'Precalentar olla', 'Fuego medio.', false, 'Continuar', 'Continuar', 'Continuar', 'medium', null);
insert into public.recipe_substeps (recipe_id, substep_order, step_number, step_name, substep_name, notes, is_timer, p1, p2, p4, fire_level, equipment) values ('sopa-verduras', 2, 1, 'Precalentado', 'Calentar olla', 'Lista para aceite.', true, '45', '55', '65', 'medium', null);
insert into public.recipe_substeps (recipe_id, substep_order, step_number, step_name, substep_name, notes, is_timer, p1, p2, p4, fire_level, equipment) values ('sopa-verduras', 3, 2, 'Calentar aceite', 'Agregar aceite', 'Cantidad indicada.', false, '1 cdta', '2 cdtas', '1 cda', 'medium', null);
insert into public.recipe_substeps (recipe_id, substep_order, step_number, step_name, substep_name, notes, is_timer, p1, p2, p4, fire_level, equipment) values ('sopa-verduras', 4, 2, 'Calentar aceite', 'Calentar aceite', 'Sin humear.', true, '25', '30', '40', 'medium', null);
insert into public.recipe_substeps (recipe_id, substep_order, step_number, step_name, substep_name, notes, is_timer, p1, p2, p4, fire_level, equipment) values ('sopa-verduras', 5, 3, 'Sofrito', 'Agregar verduras', 'Mezcla para sellar sabores.', false, 'Continuar', 'Continuar', 'Continuar', 'medium', null);
insert into public.recipe_substeps (recipe_id, substep_order, step_number, step_name, substep_name, notes, is_timer, p1, p2, p4, fire_level, equipment) values ('sopa-verduras', 6, 3, 'Sofrito', 'Sofreír verduras', 'Remueve constantemente.', true, '120', '150', '180', 'medium', null);
insert into public.recipe_substeps (recipe_id, substep_order, step_number, step_name, substep_name, notes, is_timer, p1, p2, p4, fire_level, equipment) values ('sopa-verduras', 7, 4, 'Hervor', 'Agregar agua o caldo', 'Cubre ingredientes.', false, '2 tazas', '4 tazas', '8 tazas', 'high', null);
insert into public.recipe_substeps (recipe_id, substep_order, step_number, step_name, substep_name, notes, is_timer, p1, p2, p4, fire_level, equipment) values ('sopa-verduras', 8, 4, 'Hervor', 'Llevar a hervor', 'Burbujeo constante.', true, '240', '300', '420', 'high', null);
insert into public.recipe_substeps (recipe_id, substep_order, step_number, step_name, substep_name, notes, is_timer, p1, p2, p4, fire_level, equipment) values ('sopa-verduras', 9, 5, 'Cocción lenta', 'Bajar fuego', 'Tapar parcialmente.', false, 'Continuar', 'Continuar', 'Continuar', 'low', null);
insert into public.recipe_substeps (recipe_id, substep_order, step_number, step_name, substep_name, notes, is_timer, p1, p2, p4, fire_level, equipment) values ('sopa-verduras', 10, 5, 'Cocción lenta', 'Cocinar hasta tiernas', 'Verifica textura.', true, '480', '600', '780', 'low', null);
insert into public.recipe_substeps (recipe_id, substep_order, step_number, step_name, substep_name, notes, is_timer, p1, p2, p4, fire_level, equipment) values ('sopa-verduras', 11, 6, 'Final', 'Ajustar sal y servir', 'Rectifica sazón.', false, 'Continuar', 'Continuar', 'Continuar', 'low', null);
commit;
