-- Auto-generated seed from src/app/data/recipes.ts
-- Includes legacy managed catalog plus core RecipeV2 entries used by runtime.
begin;
delete from public.recipe_ingredients where recipe_id in ('arroz-ajo', 'arroz-lentejas-compuesto', 'arroz-con-pollo-rapido', 'arroz', 'airfryer-camote-chips', 'huevo-frito', 'huevo-sancochado', 'keke-platano-molde', 'lomo-saltado-casero', 'pan-palta-huevo', 'papas-airfryer', 'papas-fritas', 'airfryer-pollo-crocante', 'quinua-desayuno', 'sopa-criolla', 'sopa-verduras', 'tallarines-rojos-compuesto', 'tortilla-verduras');
delete from public.recipe_substeps where recipe_id in ('arroz-ajo', 'arroz-lentejas-compuesto', 'arroz-con-pollo-rapido', 'arroz', 'airfryer-camote-chips', 'huevo-frito', 'huevo-sancochado', 'keke-platano-molde', 'lomo-saltado-casero', 'pan-palta-huevo', 'papas-airfryer', 'papas-fritas', 'airfryer-pollo-crocante', 'quinua-desayuno', 'sopa-criolla', 'sopa-verduras', 'tallarines-rojos-compuesto', 'tortilla-verduras');
delete from public.recipes where id in ('arroz-ajo', 'arroz-lentejas-compuesto', 'arroz-con-pollo-rapido', 'arroz', 'airfryer-camote-chips', 'huevo-frito', 'huevo-sancochado', 'keke-platano-molde', 'lomo-saltado-casero', 'pan-palta-huevo', 'papas-airfryer', 'papas-fritas', 'airfryer-pollo-crocante', 'quinua-desayuno', 'sopa-criolla', 'sopa-verduras', 'tallarines-rojos-compuesto', 'tortilla-verduras');
delete from public.recipe_categories where id in ('desayunos', 'almuerzos', 'cenas', 'airfryer', 'frituras', 'arroces', 'breakfast', 'lunch', 'sopas-guisos', 'saludables-veggies');
insert into public.recipe_categories (id, name, icon, description, sort_order) values ('desayunos', 'Desayunos', '☀️', 'Opciones rápidas para iniciar el día', 0) on conflict (id) do update set name = excluded.name, icon = excluded.icon, description = excluded.description, sort_order = excluded.sort_order;
insert into public.recipe_categories (id, name, icon, description, sort_order) values ('almuerzos', 'Almuerzos', '🍽️', 'Platos de fondo y comida criolla', 1) on conflict (id) do update set name = excluded.name, icon = excluded.icon, description = excluded.description, sort_order = excluded.sort_order;
insert into public.recipe_categories (id, name, icon, description, sort_order) values ('cenas', 'Cenas', '🌙', 'Opciones ligeras y reconfortantes', 2) on conflict (id) do update set name = excluded.name, icon = excluded.icon, description = excluded.description, sort_order = excluded.sort_order;
insert into public.recipe_categories (id, name, icon, description, sort_order) values ('airfryer', 'Airfryer', '🧺', 'Recetas pensadas para freidora de aire', 3) on conflict (id) do update set name = excluded.name, icon = excluded.icon, description = excluded.description, sort_order = excluded.sort_order;
insert into public.recipe_categories (id, name, icon, description, sort_order) values ('frituras', 'Frituras', '🍳', 'Huevo, papas y sartén fuerte', 4) on conflict (id) do update set name = excluded.name, icon = excluded.icon, description = excluded.description, sort_order = excluded.sort_order;
insert into public.recipe_categories (id, name, icon, description, sort_order) values ('arroces', 'Arroces', '🍚', 'Arroces sueltos y aromáticos', 5) on conflict (id) do update set name = excluded.name, icon = excluded.icon, description = excluded.description, sort_order = excluded.sort_order;
insert into public.recipe_categories (id, name, icon, description, sort_order) values ('breakfast', 'Desayunos', '🥐', 'Categoría Desayunos', 6) on conflict (id) do update set name = excluded.name, icon = excluded.icon, description = excluded.description, sort_order = excluded.sort_order;
insert into public.recipe_categories (id, name, icon, description, sort_order) values ('lunch', 'Cocina diaria', '🍳', 'Categoría Cocina diaria', 7) on conflict (id) do update set name = excluded.name, icon = excluded.icon, description = excluded.description, sort_order = excluded.sort_order;
insert into public.recipe_categories (id, name, icon, description, sort_order) values ('sopas-guisos', 'Ollas y sopas', '🍲', 'Categoría Ollas y sopas', 8) on conflict (id) do update set name = excluded.name, icon = excluded.icon, description = excluded.description, sort_order = excluded.sort_order;
insert into public.recipe_categories (id, name, icon, description, sort_order) values ('saludables-veggies', 'Recetas compuestas', '🧩', 'Categoría Recetas compuestas', 9) on conflict (id) do update set name = excluded.name, icon = excluded.icon, description = excluded.description, sort_order = excluded.sort_order;
insert into public.recipes (id, category_id, name, icon, emoji, ingredient, description, equipment, tip, portion_label_singular, portion_label_plural, source, is_published, owner_user_id, visibility, experience, compound_meta, base_yield_type, base_yield_value, base_yield_unit, base_yield_label, ingredients_json, steps_json, time_summary_json) values ('arroz-ajo', 'arroces', 'Arroz al ajo', '🧄', '🧄', 'Tazas de arroz', '5 subpasos · 30-40 min', null, 'El ajo debe dorar, no quemarse. Mantén fuego medio al sofreír.', 'taza', 'tazas', 'imported', true, null, 'public', 'standard', null , null, null, null, null, null, null, null) on conflict (id) do update set category_id = excluded.category_id, name = excluded.name, icon = excluded.icon, emoji = excluded.emoji, ingredient = excluded.ingredient, description = excluded.description, equipment = excluded.equipment, tip = excluded.tip, portion_label_singular = excluded.portion_label_singular, portion_label_plural = excluded.portion_label_plural, source = excluded.source, is_published = excluded.is_published, owner_user_id = excluded.owner_user_id, visibility = excluded.visibility, experience = excluded.experience, compound_meta = excluded.compound_meta, base_yield_type = excluded.base_yield_type, base_yield_value = excluded.base_yield_value, base_yield_unit = excluded.base_yield_unit, base_yield_label = excluded.base_yield_label, ingredients_json = excluded.ingredients_json, steps_json = excluded.steps_json, time_summary_json = excluded.time_summary_json, updated_at = now();
insert into public.recipe_ingredients (recipe_id, sort_order, name, emoji, indispensable, p1, p2, p4) values ('arroz-ajo', 0, 'Arroz', '🍚', true, '1 taza', '2 tazas', '4 tazas');
insert into public.recipe_ingredients (recipe_id, sort_order, name, emoji, indispensable, p1, p2, p4) values ('arroz-ajo', 1, 'Ajo picado', '🧄', true, '1 cdta', '2 cdtas', '1 cda');
insert into public.recipe_ingredients (recipe_id, sort_order, name, emoji, indispensable, p1, p2, p4) values ('arroz-ajo', 2, 'Agua', '💧', true, '1 ½ tazas', '3 tazas', '5 ½ tazas');
insert into public.recipe_ingredients (recipe_id, sort_order, name, emoji, indispensable, p1, p2, p4) values ('arroz-ajo', 3, 'Aceite', '🫒', true, '1 cdta', '2 cdtas', '1 cda');
insert into public.recipe_ingredients (recipe_id, sort_order, name, emoji, indispensable, p1, p2, p4) values ('arroz-ajo', 4, 'Sal', '🧂', false, 'Al gusto', 'Al gusto', 'Al gusto');
insert into public.recipe_substeps (recipe_id, substep_order, step_number, step_name, substep_name, notes, is_timer, p1, p2, p4, fire_level, equipment) values ('arroz-ajo', 1, 1, 'Precalentado', 'Precalentar olla', 'Fuego medio alto.', false, 'Continuar', 'Continuar', 'Continuar', 'high', null);
insert into public.recipe_substeps (recipe_id, substep_order, step_number, step_name, substep_name, notes, is_timer, p1, p2, p4, fire_level, equipment) values ('arroz-ajo', 2, 1, 'Precalentado', 'Precalentando...', 'Olla seca y caliente.', true, '50', '70', '90', 'high', null);
insert into public.recipe_substeps (recipe_id, substep_order, step_number, step_name, substep_name, notes, is_timer, p1, p2, p4, fire_level, equipment) values ('arroz-ajo', 3, 2, 'Calentar aceite', 'Agregar aceite', 'Cantidad indicada.', false, '1 cdta', '2 cdtas', '1 cda', 'high', null);
insert into public.recipe_substeps (recipe_id, substep_order, step_number, step_name, substep_name, notes, is_timer, p1, p2, p4, fire_level, equipment) values ('arroz-ajo', 4, 2, 'Calentar aceite', 'Calentando aceite...', 'Sin humear.', true, '35', '45', '55', 'high', null);
insert into public.recipe_substeps (recipe_id, substep_order, step_number, step_name, substep_name, notes, is_timer, p1, p2, p4, fire_level, equipment) values ('arroz-ajo', 5, 3, 'Dorar ajo', 'Agregar ajo', 'Remueve constantemente.', false, 'Continuar', 'Continuar', 'Continuar', 'medium', null);
insert into public.recipe_substeps (recipe_id, substep_order, step_number, step_name, substep_name, notes, is_timer, p1, p2, p4, fire_level, equipment) values ('arroz-ajo', 6, 3, 'Dorar ajo', 'Dorar ajo', 'Aroma intenso, sin quemar.', true, '45', '55', '70', 'medium', null);
insert into public.recipe_substeps (recipe_id, substep_order, step_number, step_name, substep_name, notes, is_timer, p1, p2, p4, fire_level, equipment) values ('arroz-ajo', 7, 4, 'Cocción', 'Agregar arroz y nacarar', 'Mover para sellar el grano.', true, '70', '90', '120', 'high', null);
insert into public.recipe_substeps (recipe_id, substep_order, step_number, step_name, substep_name, notes, is_timer, p1, p2, p4, fire_level, equipment) values ('arroz-ajo', 8, 4, 'Cocción', 'Agregar agua y sal', 'Ajusta al gusto.', false, 'Continuar', 'Continuar', 'Continuar', 'high', null);
insert into public.recipe_substeps (recipe_id, substep_order, step_number, step_name, substep_name, notes, is_timer, p1, p2, p4, fire_level, equipment) values ('arroz-ajo', 9, 4, 'Cocción', 'Secar agua', 'Sin tapa.', true, '360', '520', '780', 'high', null);
insert into public.recipe_substeps (recipe_id, substep_order, step_number, step_name, substep_name, notes, is_timer, p1, p2, p4, fire_level, equipment) values ('arroz-ajo', 10, 5, 'Reposo', 'Tapar y reposar', 'Fuego mínimo.', true, '420', '540', '720', 'low', null);
insert into public.recipe_substeps (recipe_id, substep_order, step_number, step_name, substep_name, notes, is_timer, p1, p2, p4, fire_level, equipment) values ('arroz-ajo', 11, 5, 'Reposo', 'Apagar y servir', 'Esponjar con tenedor.', false, 'Continuar', 'Continuar', 'Continuar', 'low', null);
insert into public.recipes (id, category_id, name, icon, emoji, ingredient, description, equipment, tip, portion_label_singular, portion_label_plural, source, is_published, owner_user_id, visibility, experience, compound_meta, base_yield_type, base_yield_value, base_yield_unit, base_yield_label, ingredients_json, steps_json, time_summary_json) values ('arroz-lentejas-compuesto', 'saludables-veggies', 'Arroz con lentejas', '🍛', '🍛', 'Porciones', 'Fases guiadas · 45-55 min', null, 'Empieza por lentejas y avanza el arroz en paralelo; al unir, controla siempre el nivel de líquido.', 'porción', 'porciones', 'imported', true, null, 'public', 'compound', null , null, null, null, null, null, null, null) on conflict (id) do update set category_id = excluded.category_id, name = excluded.name, icon = excluded.icon, emoji = excluded.emoji, ingredient = excluded.ingredient, description = excluded.description, equipment = excluded.equipment, tip = excluded.tip, portion_label_singular = excluded.portion_label_singular, portion_label_plural = excluded.portion_label_plural, source = excluded.source, is_published = excluded.is_published, owner_user_id = excluded.owner_user_id, visibility = excluded.visibility, experience = excluded.experience, compound_meta = excluded.compound_meta, base_yield_type = excluded.base_yield_type, base_yield_value = excluded.base_yield_value, base_yield_unit = excluded.base_yield_unit, base_yield_label = excluded.base_yield_label, ingredients_json = excluded.ingredients_json, steps_json = excluded.steps_json, time_summary_json = excluded.time_summary_json, updated_at = now();
insert into public.recipe_ingredients (recipe_id, sort_order, name, emoji, indispensable, p1, p2, p4) values ('arroz-lentejas-compuesto', 0, 'Lentejas', '🫘', true, '1/2 taza', '1 taza', '2 tazas');
insert into public.recipe_ingredients (recipe_id, sort_order, name, emoji, indispensable, p1, p2, p4) values ('arroz-lentejas-compuesto', 1, 'Arroz', '🍚', true, '1/2 taza', '1 taza', '2 tazas');
insert into public.recipe_ingredients (recipe_id, sort_order, name, emoji, indispensable, p1, p2, p4) values ('arroz-lentejas-compuesto', 2, 'Agua', '💧', true, '3 tazas', '6 tazas', '10 tazas');
insert into public.recipe_ingredients (recipe_id, sort_order, name, emoji, indispensable, p1, p2, p4) values ('arroz-lentejas-compuesto', 3, 'Ajo picado', '🧄', false, '1 cdta', '2 cdtas', '1 cda');
insert into public.recipe_ingredients (recipe_id, sort_order, name, emoji, indispensable, p1, p2, p4) values ('arroz-lentejas-compuesto', 4, 'Cebolla', '🧅', false, '1/4 unidad', '1/2 unidad', '1 unidad');
insert into public.recipe_ingredients (recipe_id, sort_order, name, emoji, indispensable, p1, p2, p4) values ('arroz-lentejas-compuesto', 5, 'Aceite', '🫒', true, '1 cdta', '2 cdtas', '1 cda');
insert into public.recipe_ingredients (recipe_id, sort_order, name, emoji, indispensable, p1, p2, p4) values ('arroz-lentejas-compuesto', 6, 'Sal', '🧂', false, 'Al gusto', 'Al gusto', 'Al gusto');
insert into public.recipe_substeps (recipe_id, substep_order, step_number, step_name, substep_name, notes, is_timer, p1, p2, p4, fire_level, equipment) values ('arroz-lentejas-compuesto', 1, 1, 'Mise en place', 'Lavar lentejas y arroz por separado', 'Enjuaga hasta que el agua salga clara.', false, 'Continuar', 'Continuar', 'Continuar', 'low', null);
insert into public.recipe_substeps (recipe_id, substep_order, step_number, step_name, substep_name, notes, is_timer, p1, p2, p4, fire_level, equipment) values ('arroz-lentejas-compuesto', 2, 1, 'Mise en place', 'Picar cebolla y ajo', 'Déjalos listos para el sofrito.', false, 'Continuar', 'Continuar', 'Continuar', 'low', null);
insert into public.recipe_substeps (recipe_id, substep_order, step_number, step_name, substep_name, notes, is_timer, p1, p2, p4, fire_level, equipment) values ('arroz-lentejas-compuesto', 3, 2, 'Lentejas - hervor inicial', 'Hervir agua para lentejas', 'Usa olla mediana con parte del agua total.', true, '8', '10', '12', 'high', null);
insert into public.recipe_substeps (recipe_id, substep_order, step_number, step_name, substep_name, notes, is_timer, p1, p2, p4, fire_level, equipment) values ('arroz-lentejas-compuesto', 4, 2, 'Lentejas - hervor inicial', 'Agregar lentejas', 'Cocina hasta que estén casi tiernas.', true, '14', '16', '18', 'high', null);
insert into public.recipe_substeps (recipe_id, substep_order, step_number, step_name, substep_name, notes, is_timer, p1, p2, p4, fire_level, equipment) values ('arroz-lentejas-compuesto', 5, 2, 'Lentejas - hervor inicial', 'Recordatorio: revisar agua', 'Si baja mucho, agrega un poco de agua caliente.', false, 'Continuar', 'Continuar', 'Continuar', 'high', null);
insert into public.recipe_substeps (recipe_id, substep_order, step_number, step_name, substep_name, notes, is_timer, p1, p2, p4, fire_level, equipment) values ('arroz-lentejas-compuesto', 6, 3, 'Arroz - base', 'Precalentar olla del arroz', 'Fuego medio, olla seca.', true, '6', '8', '10', 'medium', null);
insert into public.recipe_substeps (recipe_id, substep_order, step_number, step_name, substep_name, notes, is_timer, p1, p2, p4, fire_level, equipment) values ('arroz-lentejas-compuesto', 7, 3, 'Arroz - base', 'Calentar aceite y sofreír ajo/cebolla', 'Sofríe sin quemar el ajo.', true, '10', '12', '14', 'medium', null);
insert into public.recipe_substeps (recipe_id, substep_order, step_number, step_name, substep_name, notes, is_timer, p1, p2, p4, fire_level, equipment) values ('arroz-lentejas-compuesto', 8, 3, 'Arroz - base', 'Nacarar el arroz', 'Agrega arroz y revuelve para sellar.', true, '8', '10', '12', 'medium', null);
insert into public.recipe_substeps (recipe_id, substep_order, step_number, step_name, substep_name, notes, is_timer, p1, p2, p4, fire_level, equipment) values ('arroz-lentejas-compuesto', 9, 4, 'Integración', 'Unir lentejas casi cocidas con arroz', 'Añade también parte de su caldo.', false, 'Continuar', 'Continuar', 'Continuar', 'high', null);
insert into public.recipe_substeps (recipe_id, substep_order, step_number, step_name, substep_name, notes, is_timer, p1, p2, p4, fire_level, equipment) values ('arroz-lentejas-compuesto', 10, 4, 'Integración', 'Ajustar sal y nivel de líquido', 'Debe quedar ligeramente por encima del grano.', false, 'Continuar', 'Continuar', 'Continuar', 'high', null);
insert into public.recipe_substeps (recipe_id, substep_order, step_number, step_name, substep_name, notes, is_timer, p1, p2, p4, fire_level, equipment) values ('arroz-lentejas-compuesto', 11, 4, 'Integración', 'Cocción abierta', 'Hasta que baje el líquido en superficie.', true, '12', '14', '16', 'high', null);
insert into public.recipe_substeps (recipe_id, substep_order, step_number, step_name, substep_name, notes, is_timer, p1, p2, p4, fire_level, equipment) values ('arroz-lentejas-compuesto', 12, 5, 'Graneado', 'Bajar fuego al mínimo', 'Tapa la olla para terminar al vapor.', false, 'Continuar', 'Continuar', 'Continuar', 'low', null);
insert into public.recipe_substeps (recipe_id, substep_order, step_number, step_name, substep_name, notes, is_timer, p1, p2, p4, fire_level, equipment) values ('arroz-lentejas-compuesto', 13, 5, 'Graneado', 'Terminar cocción tapada', 'No destapar durante este tramo.', true, '14', '16', '18', 'low', null);
insert into public.recipe_substeps (recipe_id, substep_order, step_number, step_name, substep_name, notes, is_timer, p1, p2, p4, fire_level, equipment) values ('arroz-lentejas-compuesto', 14, 6, 'Final', 'Reposar y esponjar', 'Apaga fuego, reposa y mezcla con tenedor.', true, '8', '10', '12', 'low', null);
insert into public.recipe_substeps (recipe_id, substep_order, step_number, step_name, substep_name, notes, is_timer, p1, p2, p4, fire_level, equipment) values ('arroz-lentejas-compuesto', 15, 6, 'Final', 'Servir', 'Prueba sal final antes de llevar a mesa.', false, 'Continuar', 'Continuar', 'Continuar', 'low', null);
insert into public.recipes (id, category_id, name, icon, emoji, ingredient, description, equipment, tip, portion_label_singular, portion_label_plural, source, is_published, owner_user_id, visibility, experience, compound_meta, base_yield_type, base_yield_value, base_yield_unit, base_yield_label, ingredients_json, steps_json, time_summary_json) values ('arroz-con-pollo-rapido', 'almuerzos', 'Arroz con pollo rápido', '🍗', '🍗', 'Porciones', '6 subpasos · 40-50 min', null, 'Usa culantro fresco para color y aroma más intenso.', 'porción', 'porciones', 'imported', true, null, 'public', 'standard', null , null, null, null, null, null, null, null) on conflict (id) do update set category_id = excluded.category_id, name = excluded.name, icon = excluded.icon, emoji = excluded.emoji, ingredient = excluded.ingredient, description = excluded.description, equipment = excluded.equipment, tip = excluded.tip, portion_label_singular = excluded.portion_label_singular, portion_label_plural = excluded.portion_label_plural, source = excluded.source, is_published = excluded.is_published, owner_user_id = excluded.owner_user_id, visibility = excluded.visibility, experience = excluded.experience, compound_meta = excluded.compound_meta, base_yield_type = excluded.base_yield_type, base_yield_value = excluded.base_yield_value, base_yield_unit = excluded.base_yield_unit, base_yield_label = excluded.base_yield_label, ingredients_json = excluded.ingredients_json, steps_json = excluded.steps_json, time_summary_json = excluded.time_summary_json, updated_at = now();
insert into public.recipe_ingredients (recipe_id, sort_order, name, emoji, indispensable, p1, p2, p4) values ('arroz-con-pollo-rapido', 0, 'Pollo en presas', '🍗', true, '1 presa', '2 presas', '4 presas');
insert into public.recipe_ingredients (recipe_id, sort_order, name, emoji, indispensable, p1, p2, p4) values ('arroz-con-pollo-rapido', 1, 'Arroz', '🍚', true, '1/2 taza', '1 taza', '2 tazas');
insert into public.recipe_ingredients (recipe_id, sort_order, name, emoji, indispensable, p1, p2, p4) values ('arroz-con-pollo-rapido', 2, 'Culantro licuado', '🌿', true, '2 cdas', '4 cdas', '8 cdas');
insert into public.recipe_ingredients (recipe_id, sort_order, name, emoji, indispensable, p1, p2, p4) values ('arroz-con-pollo-rapido', 3, 'Arveja y zanahoria', '🥕', false, '1/4 taza', '1/2 taza', '1 taza');
insert into public.recipe_ingredients (recipe_id, sort_order, name, emoji, indispensable, p1, p2, p4) values ('arroz-con-pollo-rapido', 4, 'Agua o caldo', '🍲', true, '1 1/2 taza', '3 tazas', '5 1/2 tazas');
insert into public.recipe_substeps (recipe_id, substep_order, step_number, step_name, substep_name, notes, is_timer, p1, p2, p4, fire_level, equipment) values ('arroz-con-pollo-rapido', 1, 1, 'Precalentado', 'Precalentar olla', 'Fuego medio alto.', true, '45', '60', '75', 'high', null);
insert into public.recipe_substeps (recipe_id, substep_order, step_number, step_name, substep_name, notes, is_timer, p1, p2, p4, fire_level, equipment) values ('arroz-con-pollo-rapido', 2, 2, 'Dorar pollo', 'Sellar presas de pollo', 'Dorar por ambos lados.', true, '240', '300', '420', 'high', null);
insert into public.recipe_substeps (recipe_id, substep_order, step_number, step_name, substep_name, notes, is_timer, p1, p2, p4, fire_level, equipment) values ('arroz-con-pollo-rapido', 3, 3, 'Aderezo', 'Agregar culantro y sofreír', 'Integra con ajo/cebolla si tienes.', true, '90', '120', '180', 'medium', null);
insert into public.recipe_substeps (recipe_id, substep_order, step_number, step_name, substep_name, notes, is_timer, p1, p2, p4, fire_level, equipment) values ('arroz-con-pollo-rapido', 4, 4, 'Cocción arroz', 'Agregar arroz y agua/caldo', 'Ajusta sal.', false, 'Continuar', 'Continuar', 'Continuar', 'high', null);
insert into public.recipe_substeps (recipe_id, substep_order, step_number, step_name, substep_name, notes, is_timer, p1, p2, p4, fire_level, equipment) values ('arroz-con-pollo-rapido', 5, 4, 'Cocción arroz', 'Cocinar abierto', 'Hasta que baje el líquido visible.', true, '420', '540', '720', 'high', null);
insert into public.recipe_substeps (recipe_id, substep_order, step_number, step_name, substep_name, notes, is_timer, p1, p2, p4, fire_level, equipment) values ('arroz-con-pollo-rapido', 6, 5, 'Graneado', 'Bajar fuego y tapar', 'Añade arveja/zanahoria.', false, 'Continuar', 'Continuar', 'Continuar', 'low', null);
insert into public.recipe_substeps (recipe_id, substep_order, step_number, step_name, substep_name, notes, is_timer, p1, p2, p4, fire_level, equipment) values ('arroz-con-pollo-rapido', 7, 5, 'Graneado', 'Terminar al vapor', 'No destapar durante este tramo.', true, '600', '720', '900', 'low', null);
insert into public.recipe_substeps (recipe_id, substep_order, step_number, step_name, substep_name, notes, is_timer, p1, p2, p4, fire_level, equipment) values ('arroz-con-pollo-rapido', 8, 6, 'Final', 'Reposar y servir', 'Esponjar con tenedor.', true, '180', '240', '300', 'low', null);
insert into public.recipes (id, category_id, name, icon, emoji, ingredient, description, equipment, tip, portion_label_singular, portion_label_plural, source, is_published, owner_user_id, visibility, experience, compound_meta, base_yield_type, base_yield_value, base_yield_unit, base_yield_label, ingredients_json, steps_json, time_summary_json) values ('arroz', 'lunch', 'Arroz perfecto', '🍚', '🍚', 'tazas', 'Receta base para probar rendimiento por volumen.', null, 'No destapes en el graneado final para que no pierda vapor.', 'tazas', 'tazas', 'imported', true, null, 'public', 'standard', 'null' , 'volume', '480', 'taza', 'tazas', '[{"id":"arroz","name":"Arroz","emoji":"🍚","indispensable":true,"notes":null,"amount":{"value":480,"canonicalUnit":"ml","visibleUnit":"taza","family":"volume","text":"2 tazas","scalable":true,"scalingPolicy":"linear","unit":"tazas"}},{"id":"agua","name":"Agua","emoji":"💧","indispensable":true,"notes":null,"amount":{"value":720,"canonicalUnit":"ml","visibleUnit":"taza","family":"volume","text":"3 tazas","scalable":true,"scalingPolicy":"container_dependent","unit":"tazas"}},{"id":"aceite","name":"Aceite","emoji":"🫒","indispensable":true,"notes":null,"amount":{"value":1,"canonicalUnit":"cda","visibleUnit":"cda","family":"tbsp","text":"1 cda","scalable":true,"scalingPolicy":"gentle","unit":"cda"}},{"id":"sal","name":"Sal","emoji":"🧂","indispensable":false,"notes":null,"amount":{"value":1,"canonicalUnit":"cdta","visibleUnit":"cdta","family":"tsp","text":"1 cdta","scalable":true,"scalingPolicy":"gentle","unit":"cdta"}}]', '[{"id":"ar-medidas","title":"Medir y lavar","notes":null,"activeMinutes":null,"passiveMinutes":null,"subSteps":[{"id":"ar-medidas-1","text":"Mide el arroz base de la receta.","notes":null,"amount":{"value":480,"canonicalUnit":"ml","visibleUnit":"taza","family":"volume","text":"2 tazas","scalable":true,"scalingPolicy":"linear","unit":"tazas"},"timer":null},{"id":"ar-medidas-2","text":"Enjuaga hasta que el agua salga menos turbia.","notes":null,"amount":{"value":null,"canonicalUnit":null,"visibleUnit":null,"family":"custom","text":"Continuar","scalable":true,"scalingPolicy":"linear","unit":null},"timer":null}]},{"id":"ar-base","title":"Sellar la base","fireLevel":"medium","notes":null,"activeMinutes":null,"passiveMinutes":null,"subSteps":[{"id":"ar-base-1","text":"Calienta aceite y agrega el arroz.","notes":null,"amount":{"value":1,"canonicalUnit":"cda","visibleUnit":"cda","family":"tbsp","text":"1 cda","scalable":true,"scalingPolicy":"gentle","unit":"cda"},"timer":null},{"id":"ar-base-2","text":"Nacara el arroz sin tostarlo de más.","notes":null,"amount":null,"timer":{"durationSeconds":150,"scalingPolicy":"gentle"}}]},{"id":"ar-coccion","title":"Cocción y graneado","fireLevel":"low","notes":null,"activeMinutes":null,"passiveMinutes":null,"subSteps":[{"id":"ar-coccion-1","text":"Agrega agua y sal, luego tapa.","notes":null,"amount":{"value":720,"canonicalUnit":"ml","visibleUnit":"taza","family":"volume","text":"3 tazas","scalable":true,"scalingPolicy":"container_dependent","unit":"tazas"},"timer":null},{"id":"ar-coccion-2","text":"Cocina tapado a fuego bajo.","notes":null,"amount":null,"timer":{"durationSeconds":1020,"scalingPolicy":"gentle"}},{"id":"ar-coccion-3","text":"Deja reposar antes de esponjar.","notes":null,"amount":null,"timer":{"durationSeconds":300,"scalingPolicy":"fixed"}}]}]', '{"prepMinutes":6,"cookMinutes":24,"totalMinutes":30}') on conflict (id) do update set category_id = excluded.category_id, name = excluded.name, icon = excluded.icon, emoji = excluded.emoji, ingredient = excluded.ingredient, description = excluded.description, equipment = excluded.equipment, tip = excluded.tip, portion_label_singular = excluded.portion_label_singular, portion_label_plural = excluded.portion_label_plural, source = excluded.source, is_published = excluded.is_published, owner_user_id = excluded.owner_user_id, visibility = excluded.visibility, experience = excluded.experience, compound_meta = excluded.compound_meta, base_yield_type = excluded.base_yield_type, base_yield_value = excluded.base_yield_value, base_yield_unit = excluded.base_yield_unit, base_yield_label = excluded.base_yield_label, ingredients_json = excluded.ingredients_json, steps_json = excluded.steps_json, time_summary_json = excluded.time_summary_json, updated_at = now();
insert into public.recipe_ingredients (recipe_id, sort_order, name, emoji, indispensable, p1, p2, p4) values ('arroz', 0, 'Arroz', '🍚', true, '2 tazas', '2 tazas', '2 tazas');
insert into public.recipe_ingredients (recipe_id, sort_order, name, emoji, indispensable, p1, p2, p4) values ('arroz', 1, 'Agua', '💧', true, '3 tazas', '3 tazas', '3 tazas');
insert into public.recipe_ingredients (recipe_id, sort_order, name, emoji, indispensable, p1, p2, p4) values ('arroz', 2, 'Aceite', '🫒', true, '1 cda', '1 cda', '1 cda');
insert into public.recipe_ingredients (recipe_id, sort_order, name, emoji, indispensable, p1, p2, p4) values ('arroz', 3, 'Sal', '🧂', false, '1 cdta', '1 cdta', '1 cdta');
insert into public.recipe_substeps (recipe_id, substep_order, step_number, step_name, substep_name, notes, is_timer, p1, p2, p4, fire_level, equipment) values ('arroz', 1, 1, 'Medir y lavar', 'Mide el arroz base de la receta.', '', false, '2 tazas', '2 tazas', '2 tazas', null, null);
insert into public.recipe_substeps (recipe_id, substep_order, step_number, step_name, substep_name, notes, is_timer, p1, p2, p4, fire_level, equipment) values ('arroz', 2, 1, 'Medir y lavar', 'Enjuaga hasta que el agua salga menos turbia.', '', false, 'Continuar', 'Continuar', 'Continuar', null, null);
insert into public.recipe_substeps (recipe_id, substep_order, step_number, step_name, substep_name, notes, is_timer, p1, p2, p4, fire_level, equipment) values ('arroz', 3, 2, 'Sellar la base', 'Calienta aceite y agrega el arroz.', '', false, '1 cda', '1 cda', '1 cda', 'medium', null);
insert into public.recipe_substeps (recipe_id, substep_order, step_number, step_name, substep_name, notes, is_timer, p1, p2, p4, fire_level, equipment) values ('arroz', 4, 2, 'Sellar la base', 'Nacara el arroz sin tostarlo de más.', '', true, '150', '150', '150', 'medium', null);
insert into public.recipe_substeps (recipe_id, substep_order, step_number, step_name, substep_name, notes, is_timer, p1, p2, p4, fire_level, equipment) values ('arroz', 5, 3, 'Cocción y graneado', 'Agrega agua y sal, luego tapa.', '', false, '3 tazas', '3 tazas', '3 tazas', 'low', null);
insert into public.recipe_substeps (recipe_id, substep_order, step_number, step_name, substep_name, notes, is_timer, p1, p2, p4, fire_level, equipment) values ('arroz', 6, 3, 'Cocción y graneado', 'Cocina tapado a fuego bajo.', '', true, '1020', '1020', '1020', 'low', null);
insert into public.recipe_substeps (recipe_id, substep_order, step_number, step_name, substep_name, notes, is_timer, p1, p2, p4, fire_level, equipment) values ('arroz', 7, 3, 'Cocción y graneado', 'Deja reposar antes de esponjar.', '', true, '300', '300', '300', 'low', null);
insert into public.recipes (id, category_id, name, icon, emoji, ingredient, description, equipment, tip, portion_label_singular, portion_label_plural, source, is_published, owner_user_id, visibility, experience, compound_meta, base_yield_type, base_yield_value, base_yield_unit, base_yield_label, ingredients_json, steps_json, time_summary_json) values ('airfryer-camote-chips', 'airfryer', 'Chips de camote Airfryer', '🍠', '🍠', 'Camotes', '5 subpasos · 20-30 min', null, 'Corta muy parejo y cocina por tandas para mejor crocancia.', 'camote', 'camotes', 'imported', true, null, 'public', 'standard', null , null, null, null, null, null, null, null) on conflict (id) do update set category_id = excluded.category_id, name = excluded.name, icon = excluded.icon, emoji = excluded.emoji, ingredient = excluded.ingredient, description = excluded.description, equipment = excluded.equipment, tip = excluded.tip, portion_label_singular = excluded.portion_label_singular, portion_label_plural = excluded.portion_label_plural, source = excluded.source, is_published = excluded.is_published, owner_user_id = excluded.owner_user_id, visibility = excluded.visibility, experience = excluded.experience, compound_meta = excluded.compound_meta, base_yield_type = excluded.base_yield_type, base_yield_value = excluded.base_yield_value, base_yield_unit = excluded.base_yield_unit, base_yield_label = excluded.base_yield_label, ingredients_json = excluded.ingredients_json, steps_json = excluded.steps_json, time_summary_json = excluded.time_summary_json, updated_at = now();
insert into public.recipe_ingredients (recipe_id, sort_order, name, emoji, indispensable, p1, p2, p4) values ('airfryer-camote-chips', 0, 'Camote', '🍠', true, '1 unidad', '2 unidades', '4 unidades');
insert into public.recipe_ingredients (recipe_id, sort_order, name, emoji, indispensable, p1, p2, p4) values ('airfryer-camote-chips', 1, 'Aceite en spray', '🫒', true, 'Ligero', 'Ligero', 'Ligero');
insert into public.recipe_ingredients (recipe_id, sort_order, name, emoji, indispensable, p1, p2, p4) values ('airfryer-camote-chips', 2, 'Sal', '🧂', false, 'Al gusto', 'Al gusto', 'Al gusto');
insert into public.recipe_substeps (recipe_id, substep_order, step_number, step_name, substep_name, notes, is_timer, p1, p2, p4, fire_level, equipment) values ('airfryer-camote-chips', 1, 1, 'Preparación', 'Cortar camote en láminas finas', 'Mientras más parejo, mejor cocción.', false, 'Continuar', 'Continuar', 'Continuar', 'low', null);
insert into public.recipe_substeps (recipe_id, substep_order, step_number, step_name, substep_name, notes, is_timer, p1, p2, p4, fire_level, equipment) values ('airfryer-camote-chips', 2, 1, 'Preparación', 'Secar y rociar aceite', 'No empapar, solo película ligera.', false, 'Continuar', 'Continuar', 'Continuar', 'low', null);
insert into public.recipe_substeps (recipe_id, substep_order, step_number, step_name, substep_name, notes, is_timer, p1, p2, p4, fire_level, equipment) values ('airfryer-camote-chips', 3, 2, 'Precalentar Airfryer', 'Precalentar a 190°C', 'Canasta vacía.', true, '180', '180', '240', 'high', null);
insert into public.recipe_substeps (recipe_id, substep_order, step_number, step_name, substep_name, notes, is_timer, p1, p2, p4, fire_level, equipment) values ('airfryer-camote-chips', 4, 3, 'Primera tanda', 'Cocinar chips tramo 1', 'Distribuye en una sola capa.', true, '300', '360', '420', 'high', null);
insert into public.recipe_substeps (recipe_id, substep_order, step_number, step_name, substep_name, notes, is_timer, p1, p2, p4, fire_level, equipment) values ('airfryer-camote-chips', 5, 3, 'Primera tanda', 'Recordatorio: mover chips', 'Sacude canasta para dorado parejo.', false, 'Continuar', 'Continuar', 'Continuar', 'high', null);
insert into public.recipe_substeps (recipe_id, substep_order, step_number, step_name, substep_name, notes, is_timer, p1, p2, p4, fire_level, equipment) values ('airfryer-camote-chips', 6, 3, 'Primera tanda', 'Cocinar chips tramo 2', 'Vigila para evitar quemar puntas.', true, '240', '300', '360', 'high', null);
insert into public.recipe_substeps (recipe_id, substep_order, step_number, step_name, substep_name, notes, is_timer, p1, p2, p4, fire_level, equipment) values ('airfryer-camote-chips', 7, 4, 'Segunda tanda (si aplica)', 'Repetir con el resto', 'Misma lógica por tandas.', false, 'Continuar', 'Continuar', 'Continuar', 'high', null);
insert into public.recipe_substeps (recipe_id, substep_order, step_number, step_name, substep_name, notes, is_timer, p1, p2, p4, fire_level, equipment) values ('airfryer-camote-chips', 8, 5, 'Final', 'Agregar sal y servir', 'Servir apenas salgan para máxima crocancia.', false, 'Continuar', 'Continuar', 'Continuar', 'low', null);
insert into public.recipes (id, category_id, name, icon, emoji, ingredient, description, equipment, tip, portion_label_singular, portion_label_plural, source, is_published, owner_user_id, visibility, experience, compound_meta, base_yield_type, base_yield_value, base_yield_unit, base_yield_label, ingredients_json, steps_json, time_summary_json) values ('huevo-frito', 'frituras', 'Huevo frito', '🍳', '🍳', 'Huevos', '5 subpasos · automático', null, 'Ten todo listo antes de empezar. El secreto está en el aceite bien caliente y no tocar el huevo mientras se cocina la primera cara.', 'huevo', 'huevos', 'imported', true, null, 'public', 'standard', null , null, null, null, null, null, null, null) on conflict (id) do update set category_id = excluded.category_id, name = excluded.name, icon = excluded.icon, emoji = excluded.emoji, ingredient = excluded.ingredient, description = excluded.description, equipment = excluded.equipment, tip = excluded.tip, portion_label_singular = excluded.portion_label_singular, portion_label_plural = excluded.portion_label_plural, source = excluded.source, is_published = excluded.is_published, owner_user_id = excluded.owner_user_id, visibility = excluded.visibility, experience = excluded.experience, compound_meta = excluded.compound_meta, base_yield_type = excluded.base_yield_type, base_yield_value = excluded.base_yield_value, base_yield_unit = excluded.base_yield_unit, base_yield_label = excluded.base_yield_label, ingredients_json = excluded.ingredients_json, steps_json = excluded.steps_json, time_summary_json = excluded.time_summary_json, updated_at = now();
insert into public.recipe_ingredients (recipe_id, sort_order, name, emoji, indispensable, p1, p2, p4) values ('huevo-frito', 0, 'Huevos', '🥚', true, '1 huevo', '2 huevos', '4 huevos');
insert into public.recipe_ingredients (recipe_id, sort_order, name, emoji, indispensable, p1, p2, p4) values ('huevo-frito', 1, 'Aceite', '🫒', true, '2 cdas', '3 cdas', '4 cdas');
insert into public.recipe_ingredients (recipe_id, sort_order, name, emoji, indispensable, p1, p2, p4) values ('huevo-frito', 2, 'Sal', '🧂', false, 'Al gusto', 'Al gusto', 'Al gusto');
insert into public.recipe_substeps (recipe_id, substep_order, step_number, step_name, substep_name, notes, is_timer, p1, p2, p4, fire_level, equipment) values ('huevo-frito', 1, 1, 'Precalentado', 'Precalentar sartén', 'Usa sartén antiadherente a fuego medio.', false, 'Continuar', 'Continuar', 'Continuar', 'medium', null);
insert into public.recipe_substeps (recipe_id, substep_order, step_number, step_name, substep_name, notes, is_timer, p1, p2, p4, fire_level, equipment) values ('huevo-frito', 2, 1, 'Precalentado', 'Precalentando...', 'La sartén debe quedar bien caliente.', true, '45', '55', '65', 'medium', null);
insert into public.recipe_substeps (recipe_id, substep_order, step_number, step_name, substep_name, notes, is_timer, p1, p2, p4, fire_level, equipment) values ('huevo-frito', 3, 2, 'Calentar aceite', 'Agregar aceite', 'Cantidad:', false, '2 cdas', '3 cdas', '4 cdas', 'medium', null);
insert into public.recipe_substeps (recipe_id, substep_order, step_number, step_name, substep_name, notes, is_timer, p1, p2, p4, fire_level, equipment) values ('huevo-frito', 4, 2, 'Calentar aceite', 'Calentando aceite...', 'Debe estar caliente sin humear.', true, '25', '35', '45', 'medium', null);
insert into public.recipe_substeps (recipe_id, substep_order, step_number, step_name, substep_name, notes, is_timer, p1, p2, p4, fire_level, equipment) values ('huevo-frito', 5, 3, 'Freír huevo 1', 'Incorporar el primer huevo', 'Rompe el huevo con cuidado.', false, 'Continuar', 'Continuar', 'Continuar', 'medium', null);
insert into public.recipe_substeps (recipe_id, substep_order, step_number, step_name, substep_name, notes, is_timer, p1, p2, p4, fire_level, equipment) values ('huevo-frito', 6, 3, 'Freír huevo 1', 'Dorar el primer lado', 'Cocina por el primer lado. El recordatorio indicará cuándo girar.', true, '10', '10', '10', 'medium', null);
insert into public.recipe_substeps (recipe_id, substep_order, step_number, step_name, substep_name, notes, is_timer, p1, p2, p4, fire_level, equipment) values ('huevo-frito', 7, 3, 'Freír huevo 1', 'Voltear y dorar el reverso', 'Después del giro, termina la cocción del lado B.', true, '10', '10', '10', 'medium', null);
insert into public.recipe_substeps (recipe_id, substep_order, step_number, step_name, substep_name, notes, is_timer, p1, p2, p4, fire_level, equipment) values ('huevo-frito', 8, 3, 'Freír huevo 1', 'Retirar huevo 1', 'Lleva al plato y mantenlo tibio.', false, 'Continuar', 'Continuar', 'Continuar', 'medium', null);
insert into public.recipe_substeps (recipe_id, substep_order, step_number, step_name, substep_name, notes, is_timer, p1, p2, p4, fire_level, equipment) values ('huevo-frito', 9, 4, 'Freír huevo 2', 'Dorar el primer lado', 'Cocina por el primer lado. El recordatorio indicará cuándo girar.', true, '10', '10', '10', 'medium', null);
insert into public.recipe_substeps (recipe_id, substep_order, step_number, step_name, substep_name, notes, is_timer, p1, p2, p4, fire_level, equipment) values ('huevo-frito', 10, 4, 'Freír huevo 2', 'Voltear y dorar el reverso', 'Después del giro, termina la cocción del lado B.', true, '10', '10', '10', 'medium', null);
insert into public.recipe_substeps (recipe_id, substep_order, step_number, step_name, substep_name, notes, is_timer, p1, p2, p4, fire_level, equipment) values ('huevo-frito', 11, 4, 'Freír huevo 2', 'Retirar huevo 2', 'Lleva al plato para servir.', false, 'Continuar', 'Continuar', 'Continuar', 'medium', null);
insert into public.recipe_substeps (recipe_id, substep_order, step_number, step_name, substep_name, notes, is_timer, p1, p2, p4, fire_level, equipment) values ('huevo-frito', 12, 5, 'Finalizar', 'Servir huevos', 'Apaga el fuego, agrega sal y sirve.', false, 'Continuar', 'Continuar', 'Continuar', 'medium', null);
insert into public.recipes (id, category_id, name, icon, emoji, ingredient, description, equipment, tip, portion_label_singular, portion_label_plural, source, is_published, owner_user_id, visibility, experience, compound_meta, base_yield_type, base_yield_value, base_yield_unit, base_yield_label, ingredients_json, steps_json, time_summary_json) values ('huevo-sancochado', 'desayunos', 'Huevo sancochado', '🥚', '🥚', 'Huevos', '4 subpasos · 12-15 min', null, 'Controla el tiempo exacto para obtener la textura de yema que prefieras.', 'huevo', 'huevos', 'imported', true, null, 'public', 'standard', null , null, null, null, null, null, null, null) on conflict (id) do update set category_id = excluded.category_id, name = excluded.name, icon = excluded.icon, emoji = excluded.emoji, ingredient = excluded.ingredient, description = excluded.description, equipment = excluded.equipment, tip = excluded.tip, portion_label_singular = excluded.portion_label_singular, portion_label_plural = excluded.portion_label_plural, source = excluded.source, is_published = excluded.is_published, owner_user_id = excluded.owner_user_id, visibility = excluded.visibility, experience = excluded.experience, compound_meta = excluded.compound_meta, base_yield_type = excluded.base_yield_type, base_yield_value = excluded.base_yield_value, base_yield_unit = excluded.base_yield_unit, base_yield_label = excluded.base_yield_label, ingredients_json = excluded.ingredients_json, steps_json = excluded.steps_json, time_summary_json = excluded.time_summary_json, updated_at = now();
insert into public.recipe_ingredients (recipe_id, sort_order, name, emoji, indispensable, p1, p2, p4) values ('huevo-sancochado', 0, 'Huevos', '🥚', true, '1 huevo', '2 huevos', '4 huevos');
insert into public.recipe_ingredients (recipe_id, sort_order, name, emoji, indispensable, p1, p2, p4) values ('huevo-sancochado', 1, 'Agua', '💧', true, '500 ml', '700 ml', '1 L');
insert into public.recipe_ingredients (recipe_id, sort_order, name, emoji, indispensable, p1, p2, p4) values ('huevo-sancochado', 2, 'Sal', '🧂', false, 'Pizca', 'Pizca', 'Pizca');
insert into public.recipe_substeps (recipe_id, substep_order, step_number, step_name, substep_name, notes, is_timer, p1, p2, p4, fire_level, equipment) values ('huevo-sancochado', 1, 1, 'Hervir agua', 'Agregar agua a la olla', 'Cubre por completo los huevos.', false, 'Continuar', 'Continuar', 'Continuar', 'high', null);
insert into public.recipe_substeps (recipe_id, substep_order, step_number, step_name, substep_name, notes, is_timer, p1, p2, p4, fire_level, equipment) values ('huevo-sancochado', 2, 1, 'Hervir agua', 'Llevar a ebullición', 'Agua burbujeando.', true, '240', '300', '360', 'high', null);
insert into public.recipe_substeps (recipe_id, substep_order, step_number, step_name, substep_name, notes, is_timer, p1, p2, p4, fire_level, equipment) values ('huevo-sancochado', 3, 2, 'Cocción', 'Añadir huevos con cuidado', 'Usa cuchara para no romper.', false, 'Continuar', 'Continuar', 'Continuar', 'medium', null);
insert into public.recipe_substeps (recipe_id, substep_order, step_number, step_name, substep_name, notes, is_timer, p1, p2, p4, fire_level, equipment) values ('huevo-sancochado', 4, 2, 'Cocción', 'Cocinar huevos', 'Para yema semidura.', true, '540', '540', '540', 'medium', null);
insert into public.recipe_substeps (recipe_id, substep_order, step_number, step_name, substep_name, notes, is_timer, p1, p2, p4, fire_level, equipment) values ('huevo-sancochado', 5, 3, 'Enfriado', 'Pasar a agua fría', 'Detén cocción.', false, 'Continuar', 'Continuar', 'Continuar', 'low', null);
insert into public.recipe_substeps (recipe_id, substep_order, step_number, step_name, substep_name, notes, is_timer, p1, p2, p4, fire_level, equipment) values ('huevo-sancochado', 6, 3, 'Enfriado', 'Reposar en agua fría', 'Facilita pelado.', true, '120', '120', '120', 'low', null);
insert into public.recipe_substeps (recipe_id, substep_order, step_number, step_name, substep_name, notes, is_timer, p1, p2, p4, fire_level, equipment) values ('huevo-sancochado', 7, 4, 'Final', 'Pelar y servir', 'Sazonar al gusto.', false, 'Continuar', 'Continuar', 'Continuar', 'low', null);
insert into public.recipes (id, category_id, name, icon, emoji, ingredient, description, equipment, tip, portion_label_singular, portion_label_plural, source, is_published, owner_user_id, visibility, experience, compound_meta, base_yield_type, base_yield_value, base_yield_unit, base_yield_label, ingredients_json, steps_json, time_summary_json) values ('keke-platano-molde', 'breakfast', 'Keke de plátano', '🍌', '🍌', 'molde', 'Receta de prueba para rendimiento por molde.', null, 'Si cambias a un molde más grande, revisa el punto unos minutos antes.', 'molde mediano', 'molde mediano', 'imported', true, null, 'public', 'standard', 'null' , 'pan_size', '1', 'molde mediano', 'molde mediano', '[{"id":"platano","name":"Plátano maduro","emoji":"🍌","indispensable":true,"notes":null,"amount":{"value":3,"canonicalUnit":"unidad","visibleUnit":"unidades","family":"unit","text":"3 unidades","scalable":true,"scalingPolicy":"gentle","unit":"unidades"}},{"id":"harina","name":"Harina","emoji":"🌾","indispensable":true,"notes":null,"amount":{"value":240,"canonicalUnit":"g","visibleUnit":"g","family":"weight","text":"240 g","scalable":true,"scalingPolicy":"container_dependent","unit":"g"}},{"id":"huevo","name":"Huevo","emoji":"🥚","indispensable":true,"notes":null,"amount":{"value":2,"canonicalUnit":"unidad","visibleUnit":"unidades","family":"unit","text":"2 huevos","scalable":true,"scalingPolicy":"gentle","unit":"unidades"}},{"id":"azucar","name":"Azúcar","emoji":"🍚","indispensable":true,"notes":null,"amount":{"value":120,"canonicalUnit":"g","visibleUnit":"g","family":"weight","text":"120 g","scalable":true,"scalingPolicy":"gentle","unit":"g"}}]', '[{"id":"kp-base","title":"Preparar la mezcla","notes":null,"activeMinutes":null,"passiveMinutes":null,"subSteps":[{"id":"kp-base-1","text":"Maja el plátano y mezcla con huevos y azúcar.","notes":null,"amount":{"value":null,"canonicalUnit":null,"visibleUnit":null,"family":"custom","text":"Continuar","scalable":true,"scalingPolicy":"linear","unit":null},"timer":null},{"id":"kp-base-2","text":"Integra la harina sin sobrebatir.","notes":null,"amount":{"value":240,"canonicalUnit":"g","visibleUnit":"g","family":"weight","text":"240 g","scalable":true,"scalingPolicy":"container_dependent","unit":"g"},"timer":null}]},{"id":"kp-horno","title":"Hornear","notes":null,"activeMinutes":null,"passiveMinutes":null,"subSteps":[{"id":"kp-horno-1","text":"Vierte en un molde mediano engrasado.","notes":null,"amount":{"value":null,"canonicalUnit":null,"visibleUnit":null,"family":"custom","text":"Molde mediano","scalable":true,"scalingPolicy":"container_dependent","unit":null},"timer":null},{"id":"kp-horno-2","text":"Hornea hasta que el centro salga seco.","notes":null,"amount":null,"timer":{"durationSeconds":2400,"scalingPolicy":"container_dependent"}}]}]', '{"prepMinutes":15,"cookMinutes":40,"totalMinutes":55}') on conflict (id) do update set category_id = excluded.category_id, name = excluded.name, icon = excluded.icon, emoji = excluded.emoji, ingredient = excluded.ingredient, description = excluded.description, equipment = excluded.equipment, tip = excluded.tip, portion_label_singular = excluded.portion_label_singular, portion_label_plural = excluded.portion_label_plural, source = excluded.source, is_published = excluded.is_published, owner_user_id = excluded.owner_user_id, visibility = excluded.visibility, experience = excluded.experience, compound_meta = excluded.compound_meta, base_yield_type = excluded.base_yield_type, base_yield_value = excluded.base_yield_value, base_yield_unit = excluded.base_yield_unit, base_yield_label = excluded.base_yield_label, ingredients_json = excluded.ingredients_json, steps_json = excluded.steps_json, time_summary_json = excluded.time_summary_json, updated_at = now();
insert into public.recipe_ingredients (recipe_id, sort_order, name, emoji, indispensable, p1, p2, p4) values ('keke-platano-molde', 0, 'Plátano maduro', '🍌', true, '3 unidades', '3 unidades', '3 unidades');
insert into public.recipe_ingredients (recipe_id, sort_order, name, emoji, indispensable, p1, p2, p4) values ('keke-platano-molde', 1, 'Harina', '🌾', true, '240 g', '240 g', '240 g');
insert into public.recipe_ingredients (recipe_id, sort_order, name, emoji, indispensable, p1, p2, p4) values ('keke-platano-molde', 2, 'Huevo', '🥚', true, '2 huevos', '2 huevos', '2 huevos');
insert into public.recipe_ingredients (recipe_id, sort_order, name, emoji, indispensable, p1, p2, p4) values ('keke-platano-molde', 3, 'Azúcar', '🍚', true, '120 g', '120 g', '120 g');
insert into public.recipe_substeps (recipe_id, substep_order, step_number, step_name, substep_name, notes, is_timer, p1, p2, p4, fire_level, equipment) values ('keke-platano-molde', 1, 1, 'Preparar la mezcla', 'Maja el plátano y mezcla con huevos y azúcar.', '', false, 'Continuar', 'Continuar', 'Continuar', null, null);
insert into public.recipe_substeps (recipe_id, substep_order, step_number, step_name, substep_name, notes, is_timer, p1, p2, p4, fire_level, equipment) values ('keke-platano-molde', 2, 1, 'Preparar la mezcla', 'Integra la harina sin sobrebatir.', '', false, '240 g', '240 g', '240 g', null, null);
insert into public.recipe_substeps (recipe_id, substep_order, step_number, step_name, substep_name, notes, is_timer, p1, p2, p4, fire_level, equipment) values ('keke-platano-molde', 3, 2, 'Hornear', 'Vierte en un molde mediano engrasado.', '', false, 'Molde mediano', 'Molde mediano', 'Molde mediano', null, null);
insert into public.recipe_substeps (recipe_id, substep_order, step_number, step_name, substep_name, notes, is_timer, p1, p2, p4, fire_level, equipment) values ('keke-platano-molde', 4, 2, 'Hornear', 'Hornea hasta que el centro salga seco.', '', true, '2400', '2400', '2400', null, null);
insert into public.recipes (id, category_id, name, icon, emoji, ingredient, description, equipment, tip, portion_label_singular, portion_label_plural, source, is_published, owner_user_id, visibility, experience, compound_meta, base_yield_type, base_yield_value, base_yield_unit, base_yield_label, ingredients_json, steps_json, time_summary_json) values ('lomo-saltado-casero', 'almuerzos', 'Lomo saltado casero', '🥩', '🥩', 'Porciones', '6 subpasos · 30-40 min', null, 'El secreto está en fuego alto y salteado rápido para no aguachentar el tomate.', 'porción', 'porciones', 'imported', true, null, 'public', 'standard', null , null, null, null, null, null, null, null) on conflict (id) do update set category_id = excluded.category_id, name = excluded.name, icon = excluded.icon, emoji = excluded.emoji, ingredient = excluded.ingredient, description = excluded.description, equipment = excluded.equipment, tip = excluded.tip, portion_label_singular = excluded.portion_label_singular, portion_label_plural = excluded.portion_label_plural, source = excluded.source, is_published = excluded.is_published, owner_user_id = excluded.owner_user_id, visibility = excluded.visibility, experience = excluded.experience, compound_meta = excluded.compound_meta, base_yield_type = excluded.base_yield_type, base_yield_value = excluded.base_yield_value, base_yield_unit = excluded.base_yield_unit, base_yield_label = excluded.base_yield_label, ingredients_json = excluded.ingredients_json, steps_json = excluded.steps_json, time_summary_json = excluded.time_summary_json, updated_at = now();
insert into public.recipe_ingredients (recipe_id, sort_order, name, emoji, indispensable, p1, p2, p4) values ('lomo-saltado-casero', 0, 'Carne de res en tiras', '🥩', true, '180 g', '350 g', '700 g');
insert into public.recipe_ingredients (recipe_id, sort_order, name, emoji, indispensable, p1, p2, p4) values ('lomo-saltado-casero', 1, 'Cebolla roja', '🧅', true, '1/2 unidad', '1 unidad', '2 unidades');
insert into public.recipe_ingredients (recipe_id, sort_order, name, emoji, indispensable, p1, p2, p4) values ('lomo-saltado-casero', 2, 'Tomate', '🍅', true, '1 unidad', '2 unidades', '4 unidades');
insert into public.recipe_ingredients (recipe_id, sort_order, name, emoji, indispensable, p1, p2, p4) values ('lomo-saltado-casero', 3, 'Sillao y vinagre', '🥢', true, '1 cda', '2 cdas', '4 cdas');
insert into public.recipe_ingredients (recipe_id, sort_order, name, emoji, indispensable, p1, p2, p4) values ('lomo-saltado-casero', 4, 'Papas fritas', '🍟', false, '1 porción', '2 porciones', '4 porciones');
insert into public.recipe_substeps (recipe_id, substep_order, step_number, step_name, substep_name, notes, is_timer, p1, p2, p4, fire_level, equipment) values ('lomo-saltado-casero', 1, 1, 'Mise en place', 'Cortar cebolla y tomate', 'En pluma gruesa y gajos.', false, 'Continuar', 'Continuar', 'Continuar', 'low', null);
insert into public.recipe_substeps (recipe_id, substep_order, step_number, step_name, substep_name, notes, is_timer, p1, p2, p4, fire_level, equipment) values ('lomo-saltado-casero', 2, 1, 'Mise en place', 'Sazonar carne', 'Sal y pimienta al gusto.', false, 'Continuar', 'Continuar', 'Continuar', 'low', null);
insert into public.recipe_substeps (recipe_id, substep_order, step_number, step_name, substep_name, notes, is_timer, p1, p2, p4, fire_level, equipment) values ('lomo-saltado-casero', 3, 2, 'Precalentado', 'Precalentar sartén o wok', 'Debe estar bien caliente.', true, '60', '75', '90', 'high', null);
insert into public.recipe_substeps (recipe_id, substep_order, step_number, step_name, substep_name, notes, is_timer, p1, p2, p4, fire_level, equipment) values ('lomo-saltado-casero', 4, 3, 'Sellar carne', 'Dorar carne en tandas', 'No llenar demasiado la sartén.', true, '150', '210', '300', 'high', null);
insert into public.recipe_substeps (recipe_id, substep_order, step_number, step_name, substep_name, notes, is_timer, p1, p2, p4, fire_level, equipment) values ('lomo-saltado-casero', 5, 4, 'Salteado', 'Agregar cebolla y tomate', 'Saltear rápido para mantener textura.', true, '90', '120', '180', 'high', null);
insert into public.recipe_substeps (recipe_id, substep_order, step_number, step_name, substep_name, notes, is_timer, p1, p2, p4, fire_level, equipment) values ('lomo-saltado-casero', 6, 4, 'Salteado', 'Agregar sillao y vinagre', 'Flambear opcionalmente.', true, '45', '60', '90', 'high', null);
insert into public.recipe_substeps (recipe_id, substep_order, step_number, step_name, substep_name, notes, is_timer, p1, p2, p4, fire_level, equipment) values ('lomo-saltado-casero', 7, 5, 'Integración', 'Volver a incorporar carne', 'Mezcla por pocos segundos.', true, '30', '45', '60', 'medium', null);
insert into public.recipe_substeps (recipe_id, substep_order, step_number, step_name, substep_name, notes, is_timer, p1, p2, p4, fire_level, equipment) values ('lomo-saltado-casero', 8, 6, 'Servir', 'Servir con arroz y/o papas', 'Idealmente bien caliente.', false, 'Continuar', 'Continuar', 'Continuar', 'low', null);
insert into public.recipes (id, category_id, name, icon, emoji, ingredient, description, equipment, tip, portion_label_singular, portion_label_plural, source, is_published, owner_user_id, visibility, experience, compound_meta, base_yield_type, base_yield_value, base_yield_unit, base_yield_label, ingredients_json, steps_json, time_summary_json) values ('pan-palta-huevo', 'breakfast', 'Pan con palta y huevo', '🥑', '🥑', 'tostadas', 'Desayuno rapido para probar rendimiento por unidades.', null, 'Tuesta el pan al final para que no pierda crocancia.', 'tostadas', 'tostadas', 'imported', true, null, 'public', 'standard', 'null' , 'units', '2', 'tostadas', 'tostadas', '[{"id":"pan","name":"Pan tajado","emoji":"🍞","indispensable":true,"notes":null,"amount":{"value":2,"canonicalUnit":"unidad","visibleUnit":"tajadas","family":"unit","text":"2 tajadas","scalable":true,"scalingPolicy":"linear","unit":"tajadas"}},{"id":"palta","name":"Palta","emoji":"🥑","indispensable":true,"notes":null,"amount":{"value":1,"canonicalUnit":"unidad","visibleUnit":"unidad","family":"unit","text":"1 palta","scalable":true,"scalingPolicy":"gentle","unit":"unidad"}},{"id":"huevo","name":"Huevo","emoji":"🥚","indispensable":true,"notes":null,"amount":{"value":2,"canonicalUnit":"unidad","visibleUnit":"unidades","family":"unit","text":"2 huevos","scalable":true,"scalingPolicy":"linear","unit":"unidades"}},{"id":"sal","name":"Sal","emoji":"🧂","indispensable":false,"notes":null,"amount":{"value":null,"canonicalUnit":null,"visibleUnit":null,"family":"custom","text":"Al gusto","scalable":false,"scalingPolicy":"non_scalable","unit":null}}]', '[{"id":"pph-tostar","title":"Tostar y cocer","notes":null,"activeMinutes":null,"passiveMinutes":null,"subSteps":[{"id":"pph-tostar-1","text":"Tuesta el pan hasta dorar.","notes":null,"amount":null,"timer":{"durationSeconds":150,"scalingPolicy":"fixed"}},{"id":"pph-tostar-2","text":"Cocina los huevos a tu gusto.","notes":null,"amount":null,"timer":{"durationSeconds":240,"scalingPolicy":"batch"}}]},{"id":"pph-montar","title":"Montar las tostadas","notes":null,"activeMinutes":null,"passiveMinutes":null,"subSteps":[{"id":"pph-montar-1","text":"Maja la palta y sazona.","notes":null,"amount":{"value":1,"canonicalUnit":"unidad","visibleUnit":"unidad","family":"unit","text":"1 palta","scalable":true,"scalingPolicy":"gentle","unit":"unidad"},"timer":null},{"id":"pph-montar-2","text":"Unta el pan y termina con huevo encima.","notes":null,"amount":{"value":null,"canonicalUnit":null,"visibleUnit":null,"family":"custom","text":"Continuar","scalable":true,"scalingPolicy":"linear","unit":null},"timer":null}]}]', '{"prepMinutes":6,"cookMinutes":6,"totalMinutes":12}') on conflict (id) do update set category_id = excluded.category_id, name = excluded.name, icon = excluded.icon, emoji = excluded.emoji, ingredient = excluded.ingredient, description = excluded.description, equipment = excluded.equipment, tip = excluded.tip, portion_label_singular = excluded.portion_label_singular, portion_label_plural = excluded.portion_label_plural, source = excluded.source, is_published = excluded.is_published, owner_user_id = excluded.owner_user_id, visibility = excluded.visibility, experience = excluded.experience, compound_meta = excluded.compound_meta, base_yield_type = excluded.base_yield_type, base_yield_value = excluded.base_yield_value, base_yield_unit = excluded.base_yield_unit, base_yield_label = excluded.base_yield_label, ingredients_json = excluded.ingredients_json, steps_json = excluded.steps_json, time_summary_json = excluded.time_summary_json, updated_at = now();
insert into public.recipe_ingredients (recipe_id, sort_order, name, emoji, indispensable, p1, p2, p4) values ('pan-palta-huevo', 0, 'Pan tajado', '🍞', true, '2 tajadas', '2 tajadas', '2 tajadas');
insert into public.recipe_ingredients (recipe_id, sort_order, name, emoji, indispensable, p1, p2, p4) values ('pan-palta-huevo', 1, 'Palta', '🥑', true, '1 palta', '1 palta', '1 palta');
insert into public.recipe_ingredients (recipe_id, sort_order, name, emoji, indispensable, p1, p2, p4) values ('pan-palta-huevo', 2, 'Huevo', '🥚', true, '2 huevos', '2 huevos', '2 huevos');
insert into public.recipe_ingredients (recipe_id, sort_order, name, emoji, indispensable, p1, p2, p4) values ('pan-palta-huevo', 3, 'Sal', '🧂', false, 'Al gusto', 'Al gusto', 'Al gusto');
insert into public.recipe_substeps (recipe_id, substep_order, step_number, step_name, substep_name, notes, is_timer, p1, p2, p4, fire_level, equipment) values ('pan-palta-huevo', 1, 1, 'Tostar y cocer', 'Tuesta el pan hasta dorar.', '', true, '150', '150', '150', null, null);
insert into public.recipe_substeps (recipe_id, substep_order, step_number, step_name, substep_name, notes, is_timer, p1, p2, p4, fire_level, equipment) values ('pan-palta-huevo', 2, 1, 'Tostar y cocer', 'Cocina los huevos a tu gusto.', '', true, '240', '240', '240', null, null);
insert into public.recipe_substeps (recipe_id, substep_order, step_number, step_name, substep_name, notes, is_timer, p1, p2, p4, fire_level, equipment) values ('pan-palta-huevo', 3, 2, 'Montar las tostadas', 'Maja la palta y sazona.', '', false, '1 palta', '1 palta', '1 palta', null, null);
insert into public.recipe_substeps (recipe_id, substep_order, step_number, step_name, substep_name, notes, is_timer, p1, p2, p4, fire_level, equipment) values ('pan-palta-huevo', 4, 2, 'Montar las tostadas', 'Unta el pan y termina con huevo encima.', '', false, 'Continuar', 'Continuar', 'Continuar', null, null);
insert into public.recipes (id, category_id, name, icon, emoji, ingredient, description, equipment, tip, portion_label_singular, portion_label_plural, source, is_published, owner_user_id, visibility, experience, compound_meta, base_yield_type, base_yield_value, base_yield_unit, base_yield_label, ingredients_json, steps_json, time_summary_json) values ('papas-airfryer', 'airfryer', 'Papas en airfryer', '🍟', '🍟', 'porciones', 'Receta de prueba para canasta y tandas.', null, 'No llenes demasiado la canasta si quieres dorado parejo.', 'porciones', 'porciones', 'imported', true, null, 'public', 'standard', 'null' , 'servings', '2', 'porciones', 'porciones', '[{"id":"papas","name":"Papas","emoji":"🥔","indispensable":true,"notes":null,"amount":{"value":600,"canonicalUnit":"g","visibleUnit":"g","family":"weight","text":"600 g","scalable":true,"scalingPolicy":"container_dependent","unit":"g"}},{"id":"aceite","name":"Aceite","emoji":"🫒","indispensable":true,"notes":null,"amount":{"value":1,"canonicalUnit":"cda","visibleUnit":"cda","family":"tbsp","text":"1 cda","scalable":true,"scalingPolicy":"gentle","unit":"cda"}},{"id":"sal","name":"Sal","emoji":"🧂","indispensable":false,"notes":null,"amount":{"value":null,"canonicalUnit":null,"visibleUnit":null,"family":"custom","text":"Al gusto","scalable":false,"scalingPolicy":"non_scalable","unit":null}}]', '[{"id":"pa-prep","title":"Cortar y sazonar","notes":null,"activeMinutes":null,"passiveMinutes":null,"subSteps":[{"id":"pa-prep-1","text":"Corta las papas en bastones y sécalas bien.","notes":null,"amount":{"value":600,"canonicalUnit":"g","visibleUnit":"g","family":"weight","text":"600 g","scalable":true,"scalingPolicy":"linear","unit":"g"},"timer":null},{"id":"pa-prep-2","text":"Mezcla con aceite y sal.","notes":null,"amount":{"value":1,"canonicalUnit":"cda","visibleUnit":"cda","family":"tbsp","text":"1 cda","scalable":true,"scalingPolicy":"gentle","unit":"cda"},"timer":null}]},{"id":"pa-coccion","title":"Cocinar en la canasta","notes":null,"activeMinutes":null,"passiveMinutes":null,"subSteps":[{"id":"pa-coccion-1","text":"Distribuye en la canasta sin amontonar.","notes":null,"amount":{"value":null,"canonicalUnit":null,"visibleUnit":null,"family":"custom","text":"Canasta mediana","scalable":true,"scalingPolicy":"container_dependent","unit":null},"timer":null},{"id":"pa-coccion-2","text":"Cocina hasta dorar, agitando a mitad.","notes":null,"amount":null,"timer":{"durationSeconds":1080,"scalingPolicy":"batch"}}]}]', '{"prepMinutes":12,"cookMinutes":18,"totalMinutes":30}') on conflict (id) do update set category_id = excluded.category_id, name = excluded.name, icon = excluded.icon, emoji = excluded.emoji, ingredient = excluded.ingredient, description = excluded.description, equipment = excluded.equipment, tip = excluded.tip, portion_label_singular = excluded.portion_label_singular, portion_label_plural = excluded.portion_label_plural, source = excluded.source, is_published = excluded.is_published, owner_user_id = excluded.owner_user_id, visibility = excluded.visibility, experience = excluded.experience, compound_meta = excluded.compound_meta, base_yield_type = excluded.base_yield_type, base_yield_value = excluded.base_yield_value, base_yield_unit = excluded.base_yield_unit, base_yield_label = excluded.base_yield_label, ingredients_json = excluded.ingredients_json, steps_json = excluded.steps_json, time_summary_json = excluded.time_summary_json, updated_at = now();
insert into public.recipe_ingredients (recipe_id, sort_order, name, emoji, indispensable, p1, p2, p4) values ('papas-airfryer', 0, 'Papas', '🥔', true, '600 g', '600 g', '600 g');
insert into public.recipe_ingredients (recipe_id, sort_order, name, emoji, indispensable, p1, p2, p4) values ('papas-airfryer', 1, 'Aceite', '🫒', true, '1 cda', '1 cda', '1 cda');
insert into public.recipe_ingredients (recipe_id, sort_order, name, emoji, indispensable, p1, p2, p4) values ('papas-airfryer', 2, 'Sal', '🧂', false, 'Al gusto', 'Al gusto', 'Al gusto');
insert into public.recipe_substeps (recipe_id, substep_order, step_number, step_name, substep_name, notes, is_timer, p1, p2, p4, fire_level, equipment) values ('papas-airfryer', 1, 1, 'Cortar y sazonar', 'Corta las papas en bastones y sécalas bien.', '', false, '600 g', '600 g', '600 g', null, null);
insert into public.recipe_substeps (recipe_id, substep_order, step_number, step_name, substep_name, notes, is_timer, p1, p2, p4, fire_level, equipment) values ('papas-airfryer', 2, 1, 'Cortar y sazonar', 'Mezcla con aceite y sal.', '', false, '1 cda', '1 cda', '1 cda', null, null);
insert into public.recipe_substeps (recipe_id, substep_order, step_number, step_name, substep_name, notes, is_timer, p1, p2, p4, fire_level, equipment) values ('papas-airfryer', 3, 2, 'Cocinar en la canasta', 'Distribuye en la canasta sin amontonar.', '', false, 'Canasta mediana', 'Canasta mediana', 'Canasta mediana', null, null);
insert into public.recipe_substeps (recipe_id, substep_order, step_number, step_name, substep_name, notes, is_timer, p1, p2, p4, fire_level, equipment) values ('papas-airfryer', 4, 2, 'Cocinar en la canasta', 'Cocina hasta dorar, agitando a mitad.', '', true, '1080', '1080', '1080', null, null);
insert into public.recipes (id, category_id, name, icon, emoji, ingredient, description, equipment, tip, portion_label_singular, portion_label_plural, source, is_published, owner_user_id, visibility, experience, compound_meta, base_yield_type, base_yield_value, base_yield_unit, base_yield_label, ingredients_json, steps_json, time_summary_json) values ('papas-fritas', 'frituras', 'Papas fritas', '🍟', '🍟', 'Papas', 'Movimiento guiado · 7-9 min', null, 'No sobrecargues la sartén para mantener la temperatura del aceite.', 'papa', 'papas', 'imported', true, null, 'public', 'standard', null , null, null, null, null, null, null, null) on conflict (id) do update set category_id = excluded.category_id, name = excluded.name, icon = excluded.icon, emoji = excluded.emoji, ingredient = excluded.ingredient, description = excluded.description, equipment = excluded.equipment, tip = excluded.tip, portion_label_singular = excluded.portion_label_singular, portion_label_plural = excluded.portion_label_plural, source = excluded.source, is_published = excluded.is_published, owner_user_id = excluded.owner_user_id, visibility = excluded.visibility, experience = excluded.experience, compound_meta = excluded.compound_meta, base_yield_type = excluded.base_yield_type, base_yield_value = excluded.base_yield_value, base_yield_unit = excluded.base_yield_unit, base_yield_label = excluded.base_yield_label, ingredients_json = excluded.ingredients_json, steps_json = excluded.steps_json, time_summary_json = excluded.time_summary_json, updated_at = now();
insert into public.recipe_ingredients (recipe_id, sort_order, name, emoji, indispensable, p1, p2, p4) values ('papas-fritas', 0, 'Papas', '🥔', true, '1 papa grande', '2 papas', '4 papas');
insert into public.recipe_ingredients (recipe_id, sort_order, name, emoji, indispensable, p1, p2, p4) values ('papas-fritas', 1, 'Aceite', '🫒', true, '2 cdas', '4 cdas', '8 cdas');
insert into public.recipe_ingredients (recipe_id, sort_order, name, emoji, indispensable, p1, p2, p4) values ('papas-fritas', 2, 'Sal', '🧂', false, 'Al gusto', 'Al gusto', 'Al gusto');
insert into public.recipe_substeps (recipe_id, substep_order, step_number, step_name, substep_name, notes, is_timer, p1, p2, p4, fire_level, equipment) values ('papas-fritas', 1, 1, 'Preparación', 'Cortar las papas en bastones', 'Haz cortes parejos para que se cocinen uniforme.', false, 'Continuar', 'Continuar', 'Continuar', 'medium', null);
insert into public.recipe_substeps (recipe_id, substep_order, step_number, step_name, substep_name, notes, is_timer, p1, p2, p4, fire_level, equipment) values ('papas-fritas', 2, 1, 'Preparación', 'Secar y salar ligeramente', 'Retira humedad para que queden crocantes.', false, 'Continuar', 'Continuar', 'Continuar', 'medium', null);
insert into public.recipe_substeps (recipe_id, substep_order, step_number, step_name, substep_name, notes, is_timer, p1, p2, p4, fire_level, equipment) values ('papas-fritas', 3, 2, 'Precalentar aceite', 'Calentar aceite', 'Aceite caliente sin humear.', true, '40', '50', '60', 'high', null);
insert into public.recipe_substeps (recipe_id, substep_order, step_number, step_name, substep_name, notes, is_timer, p1, p2, p4, fire_level, equipment) values ('papas-fritas', 4, 3, 'Cocción', 'Incorporar papas', 'Muévelas apenas entren para que no se peguen entre sí ni al fondo.', false, 'Continuar', 'Continuar', 'Continuar', 'high', null);
insert into public.recipe_substeps (recipe_id, substep_order, step_number, step_name, substep_name, notes, is_timer, p1, p2, p4, fire_level, equipment) values ('papas-fritas', 5, 3, 'Cocción', 'Dorar primer tramo', 'Comienza la fritura hasta un dorado ligero.', true, '75', '90', '120', 'high', null);
insert into public.recipe_substeps (recipe_id, substep_order, step_number, step_name, substep_name, notes, is_timer, p1, p2, p4, fire_level, equipment) values ('papas-fritas', 6, 3, 'Cocción', 'Dorar segundo tramo', 'Tras moverlas, continúa hasta color más parejo.', true, '75', '90', '120', 'high', null);
insert into public.recipe_substeps (recipe_id, substep_order, step_number, step_name, substep_name, notes, is_timer, p1, p2, p4, fire_level, equipment) values ('papas-fritas', 7, 3, 'Cocción', 'Crocancia final', 'Último tramo corto para lograr textura crujiente.', true, '40', '50', '60', 'high', null);
insert into public.recipe_substeps (recipe_id, substep_order, step_number, step_name, substep_name, notes, is_timer, p1, p2, p4, fire_level, equipment) values ('papas-fritas', 8, 3, 'Cocción', 'Tanda completada', 'Retira, escurre y prepárate para la siguiente tanda.', false, 'Continuar', 'Continuar', 'Continuar', 'high', null);
insert into public.recipes (id, category_id, name, icon, emoji, ingredient, description, equipment, tip, portion_label_singular, portion_label_plural, source, is_published, owner_user_id, visibility, experience, compound_meta, base_yield_type, base_yield_value, base_yield_unit, base_yield_label, ingredients_json, steps_json, time_summary_json) values ('airfryer-pollo-crocante', 'airfryer', 'Pollo crocante Airfryer', '🍗', '🍗', 'Piezas', '5 subpasos · 25-35 min', null, 'Seca bien el pollo y evita encimar piezas para un dorado uniforme.', 'pieza', 'piezas', 'imported', true, null, 'public', 'standard', null , null, null, null, null, null, null, null) on conflict (id) do update set category_id = excluded.category_id, name = excluded.name, icon = excluded.icon, emoji = excluded.emoji, ingredient = excluded.ingredient, description = excluded.description, equipment = excluded.equipment, tip = excluded.tip, portion_label_singular = excluded.portion_label_singular, portion_label_plural = excluded.portion_label_plural, source = excluded.source, is_published = excluded.is_published, owner_user_id = excluded.owner_user_id, visibility = excluded.visibility, experience = excluded.experience, compound_meta = excluded.compound_meta, base_yield_type = excluded.base_yield_type, base_yield_value = excluded.base_yield_value, base_yield_unit = excluded.base_yield_unit, base_yield_label = excluded.base_yield_label, ingredients_json = excluded.ingredients_json, steps_json = excluded.steps_json, time_summary_json = excluded.time_summary_json, updated_at = now();
insert into public.recipe_ingredients (recipe_id, sort_order, name, emoji, indispensable, p1, p2, p4) values ('airfryer-pollo-crocante', 0, 'Pollo en piezas', '🍗', true, '2 piezas', '4 piezas', '8 piezas');
insert into public.recipe_ingredients (recipe_id, sort_order, name, emoji, indispensable, p1, p2, p4) values ('airfryer-pollo-crocante', 1, 'Aceite en spray', '🫒', true, 'Ligero', 'Ligero', 'Ligero');
insert into public.recipe_ingredients (recipe_id, sort_order, name, emoji, indispensable, p1, p2, p4) values ('airfryer-pollo-crocante', 2, 'Ajo y paprika', '🧄', false, '1 cdta', '2 cdtas', '1 cda');
insert into public.recipe_ingredients (recipe_id, sort_order, name, emoji, indispensable, p1, p2, p4) values ('airfryer-pollo-crocante', 3, 'Sal y pimienta', '🧂', false, 'Al gusto', 'Al gusto', 'Al gusto');
insert into public.recipe_substeps (recipe_id, substep_order, step_number, step_name, substep_name, notes, is_timer, p1, p2, p4, fire_level, equipment) values ('airfryer-pollo-crocante', 1, 1, 'Preparación', 'Sazonar pollo', 'Seca bien antes de sazonar.', false, 'Continuar', 'Continuar', 'Continuar', 'low', 'stove');
insert into public.recipe_substeps (recipe_id, substep_order, step_number, step_name, substep_name, notes, is_timer, p1, p2, p4, fire_level, equipment) values ('airfryer-pollo-crocante', 2, 2, 'Precalentar Airfryer', 'Precalentar a 200°C', 'Canasta vacía.', true, '240', '240', '300', null, 'airfryer');
insert into public.recipe_substeps (recipe_id, substep_order, step_number, step_name, substep_name, notes, is_timer, p1, p2, p4, fire_level, equipment) values ('airfryer-pollo-crocante', 3, 3, 'Primera cocción', 'Cocinar lado A', 'No sobrecargar canasta.', true, '540', '600', '720', null, 'airfryer');
insert into public.recipe_substeps (recipe_id, substep_order, step_number, step_name, substep_name, notes, is_timer, p1, p2, p4, fire_level, equipment) values ('airfryer-pollo-crocante', 4, 4, 'Volteo y final', 'Recordatorio: voltear pollo', 'Rocía un poco más de spray si hace falta.', false, 'Continuar', 'Continuar', 'Continuar', null, 'airfryer');
insert into public.recipe_substeps (recipe_id, substep_order, step_number, step_name, substep_name, notes, is_timer, p1, p2, p4, fire_level, equipment) values ('airfryer-pollo-crocante', 5, 4, 'Volteo y final', 'Cocinar lado B', 'Hasta dorado y jugoso.', true, '480', '540', '660', null, 'airfryer');
insert into public.recipe_substeps (recipe_id, substep_order, step_number, step_name, substep_name, notes, is_timer, p1, p2, p4, fire_level, equipment) values ('airfryer-pollo-crocante', 6, 5, 'Reposo', 'Reposar antes de servir', '5 minutos fuera de la canasta.', true, '300', '300', '300', 'low', 'stove');
insert into public.recipes (id, category_id, name, icon, emoji, ingredient, description, equipment, tip, portion_label_singular, portion_label_plural, source, is_published, owner_user_id, visibility, experience, compound_meta, base_yield_type, base_yield_value, base_yield_unit, base_yield_label, ingredients_json, steps_json, time_summary_json) values ('quinua-desayuno', 'desayunos', 'Quinua del desayuno', '🥣', '🥣', 'Porciones', '5 subpasos · 20-25 min', null, 'Lava muy bien la quinua antes de cocinar para evitar sabor amargo.', 'porción', 'porciones', 'imported', true, null, 'public', 'standard', null , null, null, null, null, null, null, null) on conflict (id) do update set category_id = excluded.category_id, name = excluded.name, icon = excluded.icon, emoji = excluded.emoji, ingredient = excluded.ingredient, description = excluded.description, equipment = excluded.equipment, tip = excluded.tip, portion_label_singular = excluded.portion_label_singular, portion_label_plural = excluded.portion_label_plural, source = excluded.source, is_published = excluded.is_published, owner_user_id = excluded.owner_user_id, visibility = excluded.visibility, experience = excluded.experience, compound_meta = excluded.compound_meta, base_yield_type = excluded.base_yield_type, base_yield_value = excluded.base_yield_value, base_yield_unit = excluded.base_yield_unit, base_yield_label = excluded.base_yield_label, ingredients_json = excluded.ingredients_json, steps_json = excluded.steps_json, time_summary_json = excluded.time_summary_json, updated_at = now();
insert into public.recipe_ingredients (recipe_id, sort_order, name, emoji, indispensable, p1, p2, p4) values ('quinua-desayuno', 0, 'Quinua lavada', '🌾', true, '1/3 taza', '2/3 taza', '1 1/3 taza');
insert into public.recipe_ingredients (recipe_id, sort_order, name, emoji, indispensable, p1, p2, p4) values ('quinua-desayuno', 1, 'Agua', '💧', true, '1 taza', '2 tazas', '4 tazas');
insert into public.recipe_ingredients (recipe_id, sort_order, name, emoji, indispensable, p1, p2, p4) values ('quinua-desayuno', 2, 'Leche', '🥛', false, '1/2 taza', '1 taza', '2 tazas');
insert into public.recipe_ingredients (recipe_id, sort_order, name, emoji, indispensable, p1, p2, p4) values ('quinua-desayuno', 3, 'Canela', '🟤', false, 'Pizca', 'Pizca', '1/4 cdta');
insert into public.recipe_ingredients (recipe_id, sort_order, name, emoji, indispensable, p1, p2, p4) values ('quinua-desayuno', 4, 'Miel o azúcar', '🍯', false, '1 cdta', '2 cdtas', '1 cda');
insert into public.recipe_substeps (recipe_id, substep_order, step_number, step_name, substep_name, notes, is_timer, p1, p2, p4, fire_level, equipment) values ('quinua-desayuno', 1, 1, 'Lavado', 'Enjuagar quinua', 'Lava hasta retirar espuma/saponina.', false, 'Continuar', 'Continuar', 'Continuar', 'low', null);
insert into public.recipe_substeps (recipe_id, substep_order, step_number, step_name, substep_name, notes, is_timer, p1, p2, p4, fire_level, equipment) values ('quinua-desayuno', 2, 2, 'Hervor', 'Hervir agua', 'Usa olla mediana.', true, '180', '240', '360', 'high', null);
insert into public.recipe_substeps (recipe_id, substep_order, step_number, step_name, substep_name, notes, is_timer, p1, p2, p4, fire_level, equipment) values ('quinua-desayuno', 3, 3, 'Cocción quinua', 'Agregar quinua', 'Remueve una vez y baja a fuego medio.', false, 'Continuar', 'Continuar', 'Continuar', 'medium', null);
insert into public.recipe_substeps (recipe_id, substep_order, step_number, step_name, substep_name, notes, is_timer, p1, p2, p4, fire_level, equipment) values ('quinua-desayuno', 4, 3, 'Cocción quinua', 'Cocinar', 'Hasta que reviente el grano y esté suave.', true, '720', '840', '1020', 'medium', null);
insert into public.recipe_substeps (recipe_id, substep_order, step_number, step_name, substep_name, notes, is_timer, p1, p2, p4, fire_level, equipment) values ('quinua-desayuno', 5, 4, 'Saborizar', 'Agregar leche, canela y miel', 'Opcional para versión cremosa.', false, 'Continuar', 'Continuar', 'Continuar', 'low', null);
insert into public.recipe_substeps (recipe_id, substep_order, step_number, step_name, substep_name, notes, is_timer, p1, p2, p4, fire_level, equipment) values ('quinua-desayuno', 6, 4, 'Saborizar', 'Integrar sabores', 'Remueve constantemente.', true, '120', '150', '180', 'low', null);
insert into public.recipe_substeps (recipe_id, substep_order, step_number, step_name, substep_name, notes, is_timer, p1, p2, p4, fire_level, equipment) values ('quinua-desayuno', 7, 5, 'Servir', 'Reposar y servir', 'Sirve caliente.', false, 'Continuar', 'Continuar', 'Continuar', 'low', null);
insert into public.recipes (id, category_id, name, icon, emoji, ingredient, description, equipment, tip, portion_label_singular, portion_label_plural, source, is_published, owner_user_id, visibility, experience, compound_meta, base_yield_type, base_yield_value, base_yield_unit, base_yield_label, ingredients_json, steps_json, time_summary_json) values ('sopa-criolla', 'cenas', 'Sopa criolla', '🍲', '🍲', 'Porciones', '6 subpasos · 25-35 min', null, 'No dejes hervir fuerte luego de agregar leche para mantener textura cremosa.', 'porción', 'porciones', 'imported', true, null, 'public', 'standard', null , null, null, null, null, null, null, null) on conflict (id) do update set category_id = excluded.category_id, name = excluded.name, icon = excluded.icon, emoji = excluded.emoji, ingredient = excluded.ingredient, description = excluded.description, equipment = excluded.equipment, tip = excluded.tip, portion_label_singular = excluded.portion_label_singular, portion_label_plural = excluded.portion_label_plural, source = excluded.source, is_published = excluded.is_published, owner_user_id = excluded.owner_user_id, visibility = excluded.visibility, experience = excluded.experience, compound_meta = excluded.compound_meta, base_yield_type = excluded.base_yield_type, base_yield_value = excluded.base_yield_value, base_yield_unit = excluded.base_yield_unit, base_yield_label = excluded.base_yield_label, ingredients_json = excluded.ingredients_json, steps_json = excluded.steps_json, time_summary_json = excluded.time_summary_json, updated_at = now();
insert into public.recipe_ingredients (recipe_id, sort_order, name, emoji, indispensable, p1, p2, p4) values ('sopa-criolla', 0, 'Fideos cabello de ángel', '🍜', true, '40 g', '80 g', '160 g');
insert into public.recipe_ingredients (recipe_id, sort_order, name, emoji, indispensable, p1, p2, p4) values ('sopa-criolla', 1, 'Leche evaporada', '🥛', true, '1/4 taza', '1/2 taza', '1 taza');
insert into public.recipe_ingredients (recipe_id, sort_order, name, emoji, indispensable, p1, p2, p4) values ('sopa-criolla', 2, 'Carne molida', '🥩', false, '80 g', '160 g', '320 g');
insert into public.recipe_ingredients (recipe_id, sort_order, name, emoji, indispensable, p1, p2, p4) values ('sopa-criolla', 3, 'Pan tostado y orégano', '🍞', false, 'Al gusto', 'Al gusto', 'Al gusto');
insert into public.recipe_ingredients (recipe_id, sort_order, name, emoji, indispensable, p1, p2, p4) values ('sopa-criolla', 4, 'Caldo o agua', '🍲', true, '2 tazas', '4 tazas', '8 tazas');
insert into public.recipe_substeps (recipe_id, substep_order, step_number, step_name, substep_name, notes, is_timer, p1, p2, p4, fire_level, equipment) values ('sopa-criolla', 1, 1, 'Precalentado', 'Precalentar olla', 'Fuego medio.', true, '40', '50', '60', 'medium', null);
insert into public.recipe_substeps (recipe_id, substep_order, step_number, step_name, substep_name, notes, is_timer, p1, p2, p4, fire_level, equipment) values ('sopa-criolla', 2, 2, 'Aderezo', 'Sofreír base', 'Cebolla, ajo y opcionalmente carne.', true, '180', '240', '320', 'medium', null);
insert into public.recipe_substeps (recipe_id, substep_order, step_number, step_name, substep_name, notes, is_timer, p1, p2, p4, fire_level, equipment) values ('sopa-criolla', 3, 3, 'Hervor', 'Agregar caldo o agua', 'Llevar a hervor.', true, '240', '300', '420', 'high', null);
insert into public.recipe_substeps (recipe_id, substep_order, step_number, step_name, substep_name, notes, is_timer, p1, p2, p4, fire_level, equipment) values ('sopa-criolla', 4, 4, 'Cocción fideo', 'Agregar fideos', 'Mueve para que no se peguen.', true, '180', '240', '300', 'medium', null);
insert into public.recipe_substeps (recipe_id, substep_order, step_number, step_name, substep_name, notes, is_timer, p1, p2, p4, fire_level, equipment) values ('sopa-criolla', 5, 5, 'Terminar', 'Agregar leche evaporada', 'No hervir fuerte después.', true, '60', '90', '120', 'low', null);
insert into public.recipe_substeps (recipe_id, substep_order, step_number, step_name, substep_name, notes, is_timer, p1, p2, p4, fire_level, equipment) values ('sopa-criolla', 6, 5, 'Terminar', 'Ajustar sal y orégano', 'Rectifica sazón.', false, 'Continuar', 'Continuar', 'Continuar', 'low', null);
insert into public.recipe_substeps (recipe_id, substep_order, step_number, step_name, substep_name, notes, is_timer, p1, p2, p4, fire_level, equipment) values ('sopa-criolla', 7, 6, 'Servir', 'Servir con pan tostado', 'Opcional huevo escalfado.', false, 'Continuar', 'Continuar', 'Continuar', 'low', null);
insert into public.recipes (id, category_id, name, icon, emoji, ingredient, description, equipment, tip, portion_label_singular, portion_label_plural, source, is_published, owner_user_id, visibility, experience, compound_meta, base_yield_type, base_yield_value, base_yield_unit, base_yield_label, ingredients_json, steps_json, time_summary_json) values ('sopa-verduras', 'sopas-guisos', 'Sopa de verduras', '🥣', '🥣', 'Porciones', '6 subpasos · 30-40 min', null, 'Corta las verduras de tamaño similar para una cocción pareja.', 'porción', 'porciones', 'imported', true, null, 'public', 'standard', null , null, null, null, null, null, null, null) on conflict (id) do update set category_id = excluded.category_id, name = excluded.name, icon = excluded.icon, emoji = excluded.emoji, ingredient = excluded.ingredient, description = excluded.description, equipment = excluded.equipment, tip = excluded.tip, portion_label_singular = excluded.portion_label_singular, portion_label_plural = excluded.portion_label_plural, source = excluded.source, is_published = excluded.is_published, owner_user_id = excluded.owner_user_id, visibility = excluded.visibility, experience = excluded.experience, compound_meta = excluded.compound_meta, base_yield_type = excluded.base_yield_type, base_yield_value = excluded.base_yield_value, base_yield_unit = excluded.base_yield_unit, base_yield_label = excluded.base_yield_label, ingredients_json = excluded.ingredients_json, steps_json = excluded.steps_json, time_summary_json = excluded.time_summary_json, updated_at = now();
insert into public.recipe_ingredients (recipe_id, sort_order, name, emoji, indispensable, p1, p2, p4) values ('sopa-verduras', 0, 'Verduras mixtas', '🥕', true, '1 taza', '2 tazas', '4 tazas');
insert into public.recipe_ingredients (recipe_id, sort_order, name, emoji, indispensable, p1, p2, p4) values ('sopa-verduras', 1, 'Agua o caldo', '🍲', true, '2 tazas', '4 tazas', '8 tazas');
insert into public.recipe_ingredients (recipe_id, sort_order, name, emoji, indispensable, p1, p2, p4) values ('sopa-verduras', 2, 'Aceite', '🫒', true, '1 cdta', '2 cdtas', '1 cda');
insert into public.recipe_ingredients (recipe_id, sort_order, name, emoji, indispensable, p1, p2, p4) values ('sopa-verduras', 3, 'Sal', '🧂', false, 'Al gusto', 'Al gusto', 'Al gusto');
insert into public.recipe_substeps (recipe_id, substep_order, step_number, step_name, substep_name, notes, is_timer, p1, p2, p4, fire_level, equipment) values ('sopa-verduras', 1, 1, 'Precalentado', 'Precalentar olla', 'Fuego medio.', false, 'Continuar', 'Continuar', 'Continuar', 'medium', null);
insert into public.recipe_substeps (recipe_id, substep_order, step_number, step_name, substep_name, notes, is_timer, p1, p2, p4, fire_level, equipment) values ('sopa-verduras', 2, 1, 'Precalentado', 'Calentar olla', 'Lista para aceite.', true, '45', '55', '65', 'medium', null);
insert into public.recipe_substeps (recipe_id, substep_order, step_number, step_name, substep_name, notes, is_timer, p1, p2, p4, fire_level, equipment) values ('sopa-verduras', 3, 2, 'Calentar aceite', 'Agregar aceite', 'Cantidad indicada.', false, '1 cdta', '2 cdtas', '1 cda', 'medium', null);
insert into public.recipe_substeps (recipe_id, substep_order, step_number, step_name, substep_name, notes, is_timer, p1, p2, p4, fire_level, equipment) values ('sopa-verduras', 4, 2, 'Calentar aceite', 'Calentar aceite', 'Sin humear.', true, '25', '30', '40', 'medium', null);
insert into public.recipe_substeps (recipe_id, substep_order, step_number, step_name, substep_name, notes, is_timer, p1, p2, p4, fire_level, equipment) values ('sopa-verduras', 5, 3, 'Sofrito', 'Agregar verduras', 'Mezcla para sellar sabores.', false, 'Continuar', 'Continuar', 'Continuar', 'medium', null);
insert into public.recipe_substeps (recipe_id, substep_order, step_number, step_name, substep_name, notes, is_timer, p1, p2, p4, fire_level, equipment) values ('sopa-verduras', 6, 3, 'Sofrito', 'Sofreír verduras', 'Remueve constantemente.', true, '120', '150', '180', 'medium', null);
insert into public.recipe_substeps (recipe_id, substep_order, step_number, step_name, substep_name, notes, is_timer, p1, p2, p4, fire_level, equipment) values ('sopa-verduras', 7, 4, 'Hervor', 'Agregar agua o caldo', 'Cubre ingredientes.', false, '2 tazas', '4 tazas', '8 tazas', 'high', null);
insert into public.recipe_substeps (recipe_id, substep_order, step_number, step_name, substep_name, notes, is_timer, p1, p2, p4, fire_level, equipment) values ('sopa-verduras', 8, 4, 'Hervor', 'Llevar a hervor', 'Burbujeo constante.', true, '240', '300', '420', 'high', null);
insert into public.recipe_substeps (recipe_id, substep_order, step_number, step_name, substep_name, notes, is_timer, p1, p2, p4, fire_level, equipment) values ('sopa-verduras', 9, 5, 'Cocción lenta', 'Bajar fuego', 'Tapar parcialmente.', false, 'Continuar', 'Continuar', 'Continuar', 'low', null);
insert into public.recipe_substeps (recipe_id, substep_order, step_number, step_name, substep_name, notes, is_timer, p1, p2, p4, fire_level, equipment) values ('sopa-verduras', 10, 5, 'Cocción lenta', 'Cocinar hasta tiernas', 'Verifica textura.', true, '480', '600', '780', 'low', null);
insert into public.recipe_substeps (recipe_id, substep_order, step_number, step_name, substep_name, notes, is_timer, p1, p2, p4, fire_level, equipment) values ('sopa-verduras', 11, 6, 'Final', 'Ajustar sal y servir', 'Rectifica sazón.', false, 'Continuar', 'Continuar', 'Continuar', 'low', null);
insert into public.recipes (id, category_id, name, icon, emoji, ingredient, description, equipment, tip, portion_label_singular, portion_label_plural, source, is_published, owner_user_id, visibility, experience, compound_meta, base_yield_type, base_yield_value, base_yield_unit, base_yield_label, ingredients_json, steps_json, time_summary_json) values ('tallarines-rojos-compuesto', 'saludables-veggies', 'Tallarines rojos coordinados', '🍝', '🍝', 'porciones', 'Demo compuesta simple para validar foco y timers largos.', null, 'Usa el hervor del agua como trabajo en segundo plano mientras haces la salsa.', 'porciones', 'porciones', 'imported', true, null, 'public', 'compound', '{"components":[{"id":"pasta","name":"Pasta","icon":"🍝","summary":"Agua, cocción y escurrido"},{"id":"salsa","name":"Salsa","icon":"🍅","summary":"Base roja y reducción"}],"timeline":[{"id":"tr-prep-picar","componentId":"salsa","stepIndex":0,"subStepIndex":0},{"id":"tr-prep-agua","componentId":"pasta","stepIndex":0,"subStepIndex":1,"timerLabel":"Agua calentando","autoAdvanceOnStart":true,"backgroundHint":"El agua ya está calentando. Continúa ahora con la salsa.","completionMessage":"El agua ya alcanzó el punto esperado."},{"id":"tr-salsa-sofrito","componentId":"salsa","stepIndex":1,"subStepIndex":0,"timerLabel":"Sofrito","autoAdvanceOnStart":true,"backgroundHint":"El sofrito ya está en curso. Aprovecha para avanzar con el siguiente paso de la salsa.","completionMessage":"El sofrito ya quedó en su punto."},{"id":"tr-salsa-tomate","componentId":"salsa","stepIndex":1,"subStepIndex":1},{"id":"tr-salsa-reducir","componentId":"salsa","stepIndex":1,"subStepIndex":2,"timerLabel":"Reducción de salsa","autoAdvanceOnStart":true,"backgroundHint":"La salsa está reduciendo sola. Continúa ahora con la pasta.","completionMessage":"La reducción de salsa ya quedó lista."},{"id":"tr-pasta-ingreso","componentId":"pasta","stepIndex":2,"subStepIndex":0},{"id":"tr-pasta-coccion","componentId":"pasta","stepIndex":2,"subStepIndex":1,"timerLabel":"Cocción pasta","autoAdvanceOnStart":true,"backgroundHint":"La pasta ya está en cocción. Vuelve a la salsa o prepárate para integrar.","completionMessage":"La pasta ya terminó su cocción."},{"id":"tr-pasta-escurrir","componentId":"pasta","stepIndex":2,"subStepIndex":2},{"id":"tr-final-unir","componentId":"salsa","stepIndex":3,"subStepIndex":0},{"id":"tr-final-reposo","componentId":"salsa","stepIndex":3,"subStepIndex":1,"timerLabel":"Reposo corto","autoAdvanceOnStart":true,"backgroundHint":"La mezcla ya está reposando. Ve cerrando el servido.","completionMessage":"El reposo corto ya terminó."},{"id":"tr-final-servir","componentId":"pasta","stepIndex":3,"subStepIndex":2}]}' , 'servings', '4', 'porciones', 'porciones', '[{"id":"pasta","name":"Tallarines","emoji":"🍝","indispensable":true,"notes":null,"amount":{"value":400,"canonicalUnit":"g","visibleUnit":"g","family":"weight","text":"400 g","scalable":true,"scalingPolicy":"linear","unit":"g"}},{"id":"tomate","name":"Tomate","emoji":"🍅","indispensable":true,"notes":null,"amount":{"value":5,"canonicalUnit":"unidad","visibleUnit":"unidades","family":"unit","text":"5 tomates","scalable":true,"scalingPolicy":"gentle","unit":"unidades"}},{"id":"cebolla","name":"Cebolla","emoji":"🧅","indispensable":true,"notes":null,"amount":{"value":1,"canonicalUnit":"unidad","visibleUnit":"unidad","family":"unit","text":"1 unidad","scalable":true,"scalingPolicy":"gentle","unit":"unidad"}},{"id":"ajo","name":"Ajo","emoji":"🧄","indispensable":true,"notes":null,"amount":{"value":2,"canonicalUnit":"dientes","visibleUnit":"dientes","family":"custom","text":"2 dientes","scalable":true,"scalingPolicy":"gentle","unit":"dientes"}}]', '[{"id":"tr-prep","title":"Preparar salsa y agua","notes":null,"activeMinutes":null,"passiveMinutes":null,"subSteps":[{"id":"tr-prep-1","text":"Pica cebolla y ajo.","notes":null,"amount":{"value":null,"canonicalUnit":null,"visibleUnit":null,"family":"custom","text":"Continuar","scalable":true,"scalingPolicy":"linear","unit":null},"timer":null},{"id":"tr-prep-2","text":"Pon el agua a calentar.","notes":null,"amount":null,"timer":{"durationSeconds":600,"scalingPolicy":"fixed"}}]},{"id":"tr-salsa","title":"Salsa roja","notes":null,"activeMinutes":null,"passiveMinutes":null,"subSteps":[{"id":"tr-salsa-1","text":"Sofríe cebolla y ajo.","notes":null,"amount":null,"timer":{"durationSeconds":240,"scalingPolicy":"gentle"}},{"id":"tr-salsa-2","text":"Agrega tomate licuado.","notes":null,"amount":{"value":null,"canonicalUnit":null,"visibleUnit":null,"family":"custom","text":"Continuar","scalable":true,"scalingPolicy":"linear","unit":null},"timer":null},{"id":"tr-salsa-3","text":"Reduce la salsa.","notes":null,"amount":null,"timer":{"durationSeconds":720,"scalingPolicy":"gentle"}}]},{"id":"tr-pasta","title":"Pasta","notes":null,"activeMinutes":null,"passiveMinutes":null,"subSteps":[{"id":"tr-pasta-1","text":"Ingresa los tallarines al agua.","notes":null,"amount":{"value":400,"canonicalUnit":"g","visibleUnit":"g","family":"weight","text":"400 g","scalable":true,"scalingPolicy":"linear","unit":"g"},"timer":null},{"id":"tr-pasta-2","text":"Cocina la pasta al dente.","notes":null,"amount":null,"timer":{"durationSeconds":660,"scalingPolicy":"fixed"}},{"id":"tr-pasta-3","text":"Escurre y reserva un poco del agua.","notes":null,"amount":{"value":null,"canonicalUnit":null,"visibleUnit":null,"family":"custom","text":"Continuar","scalable":true,"scalingPolicy":"linear","unit":null},"timer":null}]},{"id":"tr-final","title":"Unir y servir","notes":null,"activeMinutes":null,"passiveMinutes":null,"subSteps":[{"id":"tr-final-1","text":"Une pasta con salsa.","notes":null,"amount":{"value":null,"canonicalUnit":null,"visibleUnit":null,"family":"custom","text":"Continuar","scalable":true,"scalingPolicy":"linear","unit":null},"timer":null},{"id":"tr-final-2","text":"Reposa un momento antes de servir.","notes":null,"amount":null,"timer":{"durationSeconds":120,"scalingPolicy":"fixed"}},{"id":"tr-final-3","text":"Sirve de inmediato.","notes":null,"amount":{"value":null,"canonicalUnit":null,"visibleUnit":null,"family":"custom","text":"Continuar","scalable":true,"scalingPolicy":"linear","unit":null},"timer":null}]}]', '{"prepMinutes":10,"cookMinutes":39,"totalMinutes":49}') on conflict (id) do update set category_id = excluded.category_id, name = excluded.name, icon = excluded.icon, emoji = excluded.emoji, ingredient = excluded.ingredient, description = excluded.description, equipment = excluded.equipment, tip = excluded.tip, portion_label_singular = excluded.portion_label_singular, portion_label_plural = excluded.portion_label_plural, source = excluded.source, is_published = excluded.is_published, owner_user_id = excluded.owner_user_id, visibility = excluded.visibility, experience = excluded.experience, compound_meta = excluded.compound_meta, base_yield_type = excluded.base_yield_type, base_yield_value = excluded.base_yield_value, base_yield_unit = excluded.base_yield_unit, base_yield_label = excluded.base_yield_label, ingredients_json = excluded.ingredients_json, steps_json = excluded.steps_json, time_summary_json = excluded.time_summary_json, updated_at = now();
insert into public.recipe_ingredients (recipe_id, sort_order, name, emoji, indispensable, p1, p2, p4) values ('tallarines-rojos-compuesto', 0, 'Tallarines', '🍝', true, '400 g', '400 g', '400 g');
insert into public.recipe_ingredients (recipe_id, sort_order, name, emoji, indispensable, p1, p2, p4) values ('tallarines-rojos-compuesto', 1, 'Tomate', '🍅', true, '5 tomates', '5 tomates', '5 tomates');
insert into public.recipe_ingredients (recipe_id, sort_order, name, emoji, indispensable, p1, p2, p4) values ('tallarines-rojos-compuesto', 2, 'Cebolla', '🧅', true, '1 unidad', '1 unidad', '1 unidad');
insert into public.recipe_ingredients (recipe_id, sort_order, name, emoji, indispensable, p1, p2, p4) values ('tallarines-rojos-compuesto', 3, 'Ajo', '🧄', true, '2 dientes', '2 dientes', '2 dientes');
insert into public.recipe_substeps (recipe_id, substep_order, step_number, step_name, substep_name, notes, is_timer, p1, p2, p4, fire_level, equipment) values ('tallarines-rojos-compuesto', 1, 1, 'Preparar salsa y agua', 'Pica cebolla y ajo.', '', false, 'Continuar', 'Continuar', 'Continuar', null, null);
insert into public.recipe_substeps (recipe_id, substep_order, step_number, step_name, substep_name, notes, is_timer, p1, p2, p4, fire_level, equipment) values ('tallarines-rojos-compuesto', 2, 1, 'Preparar salsa y agua', 'Pon el agua a calentar.', '', true, '600', '600', '600', null, null);
insert into public.recipe_substeps (recipe_id, substep_order, step_number, step_name, substep_name, notes, is_timer, p1, p2, p4, fire_level, equipment) values ('tallarines-rojos-compuesto', 3, 2, 'Salsa roja', 'Sofríe cebolla y ajo.', '', true, '240', '240', '240', null, null);
insert into public.recipe_substeps (recipe_id, substep_order, step_number, step_name, substep_name, notes, is_timer, p1, p2, p4, fire_level, equipment) values ('tallarines-rojos-compuesto', 4, 2, 'Salsa roja', 'Agrega tomate licuado.', '', false, 'Continuar', 'Continuar', 'Continuar', null, null);
insert into public.recipe_substeps (recipe_id, substep_order, step_number, step_name, substep_name, notes, is_timer, p1, p2, p4, fire_level, equipment) values ('tallarines-rojos-compuesto', 5, 2, 'Salsa roja', 'Reduce la salsa.', '', true, '720', '720', '720', null, null);
insert into public.recipe_substeps (recipe_id, substep_order, step_number, step_name, substep_name, notes, is_timer, p1, p2, p4, fire_level, equipment) values ('tallarines-rojos-compuesto', 6, 3, 'Pasta', 'Ingresa los tallarines al agua.', '', false, '400 g', '400 g', '400 g', null, null);
insert into public.recipe_substeps (recipe_id, substep_order, step_number, step_name, substep_name, notes, is_timer, p1, p2, p4, fire_level, equipment) values ('tallarines-rojos-compuesto', 7, 3, 'Pasta', 'Cocina la pasta al dente.', '', true, '660', '660', '660', null, null);
insert into public.recipe_substeps (recipe_id, substep_order, step_number, step_name, substep_name, notes, is_timer, p1, p2, p4, fire_level, equipment) values ('tallarines-rojos-compuesto', 8, 3, 'Pasta', 'Escurre y reserva un poco del agua.', '', false, 'Continuar', 'Continuar', 'Continuar', null, null);
insert into public.recipe_substeps (recipe_id, substep_order, step_number, step_name, substep_name, notes, is_timer, p1, p2, p4, fire_level, equipment) values ('tallarines-rojos-compuesto', 9, 4, 'Unir y servir', 'Une pasta con salsa.', '', false, 'Continuar', 'Continuar', 'Continuar', null, null);
insert into public.recipe_substeps (recipe_id, substep_order, step_number, step_name, substep_name, notes, is_timer, p1, p2, p4, fire_level, equipment) values ('tallarines-rojos-compuesto', 10, 4, 'Unir y servir', 'Reposa un momento antes de servir.', '', true, '120', '120', '120', null, null);
insert into public.recipe_substeps (recipe_id, substep_order, step_number, step_name, substep_name, notes, is_timer, p1, p2, p4, fire_level, equipment) values ('tallarines-rojos-compuesto', 11, 4, 'Unir y servir', 'Sirve de inmediato.', '', false, 'Continuar', 'Continuar', 'Continuar', null, null);
insert into public.recipes (id, category_id, name, icon, emoji, ingredient, description, equipment, tip, portion_label_singular, portion_label_plural, source, is_published, owner_user_id, visibility, experience, compound_meta, base_yield_type, base_yield_value, base_yield_unit, base_yield_label, ingredients_json, steps_json, time_summary_json) values ('tortilla-verduras', 'cenas', 'Tortilla de verduras', '🍳', '🍳', 'Porciones', '5 subpasos · 20-25 min', null, 'Cocina a fuego bajo para que cuaje parejo y no se queme la base.', 'porción', 'porciones', 'imported', true, null, 'public', 'standard', null , null, null, null, null, null, null, null) on conflict (id) do update set category_id = excluded.category_id, name = excluded.name, icon = excluded.icon, emoji = excluded.emoji, ingredient = excluded.ingredient, description = excluded.description, equipment = excluded.equipment, tip = excluded.tip, portion_label_singular = excluded.portion_label_singular, portion_label_plural = excluded.portion_label_plural, source = excluded.source, is_published = excluded.is_published, owner_user_id = excluded.owner_user_id, visibility = excluded.visibility, experience = excluded.experience, compound_meta = excluded.compound_meta, base_yield_type = excluded.base_yield_type, base_yield_value = excluded.base_yield_value, base_yield_unit = excluded.base_yield_unit, base_yield_label = excluded.base_yield_label, ingredients_json = excluded.ingredients_json, steps_json = excluded.steps_json, time_summary_json = excluded.time_summary_json, updated_at = now();
insert into public.recipe_ingredients (recipe_id, sort_order, name, emoji, indispensable, p1, p2, p4) values ('tortilla-verduras', 0, 'Huevos', '🥚', true, '2 unidades', '4 unidades', '8 unidades');
insert into public.recipe_ingredients (recipe_id, sort_order, name, emoji, indispensable, p1, p2, p4) values ('tortilla-verduras', 1, 'Verduras picadas', '🥬', true, '1/2 taza', '1 taza', '2 tazas');
insert into public.recipe_ingredients (recipe_id, sort_order, name, emoji, indispensable, p1, p2, p4) values ('tortilla-verduras', 2, 'Aceite', '🫒', true, '1 cdta', '2 cdtas', '1 cda');
insert into public.recipe_ingredients (recipe_id, sort_order, name, emoji, indispensable, p1, p2, p4) values ('tortilla-verduras', 3, 'Sal y pimienta', '🧂', false, 'Al gusto', 'Al gusto', 'Al gusto');
insert into public.recipe_substeps (recipe_id, substep_order, step_number, step_name, substep_name, notes, is_timer, p1, p2, p4, fire_level, equipment) values ('tortilla-verduras', 1, 1, 'Mise en place', 'Batir huevos', 'Agregar sal y pimienta.', false, 'Continuar', 'Continuar', 'Continuar', 'low', null);
insert into public.recipe_substeps (recipe_id, substep_order, step_number, step_name, substep_name, notes, is_timer, p1, p2, p4, fire_level, equipment) values ('tortilla-verduras', 2, 1, 'Mise en place', 'Picar verduras', 'Corte pequeño y uniforme.', false, 'Continuar', 'Continuar', 'Continuar', 'low', null);
insert into public.recipe_substeps (recipe_id, substep_order, step_number, step_name, substep_name, notes, is_timer, p1, p2, p4, fire_level, equipment) values ('tortilla-verduras', 3, 2, 'Precalentado', 'Precalentar sartén', 'Fuego medio.', true, '35', '45', '60', 'medium', null);
insert into public.recipe_substeps (recipe_id, substep_order, step_number, step_name, substep_name, notes, is_timer, p1, p2, p4, fire_level, equipment) values ('tortilla-verduras', 4, 3, 'Salteado', 'Saltear verduras', 'Ablandar ligeramente.', true, '120', '150', '210', 'medium', null);
insert into public.recipe_substeps (recipe_id, substep_order, step_number, step_name, substep_name, notes, is_timer, p1, p2, p4, fire_level, equipment) values ('tortilla-verduras', 5, 4, 'Cuajado', 'Agregar huevo batido', 'Mueve bordes suavemente.', true, '180', '240', '320', 'low', null);
insert into public.recipe_substeps (recipe_id, substep_order, step_number, step_name, substep_name, notes, is_timer, p1, p2, p4, fire_level, equipment) values ('tortilla-verduras', 6, 4, 'Cuajado', 'Voltear tortilla', 'Usa tapa/plato para girar con cuidado.', false, 'Continuar', 'Continuar', 'Continuar', 'low', null);
insert into public.recipe_substeps (recipe_id, substep_order, step_number, step_name, substep_name, notes, is_timer, p1, p2, p4, fire_level, equipment) values ('tortilla-verduras', 7, 4, 'Cuajado', 'Terminar lado B', 'Cocina hasta firme pero jugosa.', true, '120', '150', '210', 'low', null);
insert into public.recipe_substeps (recipe_id, substep_order, step_number, step_name, substep_name, notes, is_timer, p1, p2, p4, fire_level, equipment) values ('tortilla-verduras', 8, 5, 'Servir', 'Reposar y servir', 'Ideal con ensalada fresca.', false, 'Continuar', 'Continuar', 'Continuar', 'low', null);
commit;
